image_name,split,view_angle,subject_id,somatotype,bmi_category,cervical_thoracic_angle_deg,thoracic_lumbar_angle_deg,spine_vertical_deviation_deg,cervical_forward_offset,spine_length_norm,label,h2s_ratio,shoulder_tilt_deg,head_roll_deg,forward_head_z,neck_flexion_deg,shoulder_width_norm,ear_shoulder_offset_x,nose_shoulder_angle_deg,craniovertebral_angle_deg,detected_view_angle
2048x1493_803469_,train,90deg,kaggle_train_2048x1493_803469_,Unknown,Unknown,177.56,170.27,25.58,0.036,0.3055,upright,1.0,0.0,0.0,0.1844589542597532,-13.599452190434336,0.0286226946351725,-0.039371371269226,-13.599452190434336,105.45561624871264,lateral
221721145,train,90deg,kaggle_train_221721145,Unknown,Unknown,151.63,179.72,11.39,0.0763,0.4427,forward_head,1.0,0.0,0.0,0.4044409468770027,55.7246814138683,0.1373807556515122,0.1159213185310363,55.7246814138683,36.26223229970503,lateral
24194505-profile-of-a-young-man-walking,train,90deg,kaggle_train_24194505-profile-of-,Unknown,Unknown,153.99,177.71,7.2,0.0508,0.3826,upright,1.0,0.0,0.0,0.3922969996929168,47.58344922731848,0.029609400144063,0.0588718475812681,47.58344922731848,43.21563650308573,lateral
24556172-young-man-posing-side-view-in-a-white-background,train,90deg,kaggle_train_24556172-young-man-p,Unknown,Unknown,166.41,169.05,6.79,0.036,0.3191,upright,1.0,0.0,0.0,0.4071347415447235,39.92550660925586,0.0137726130451201,0.0365500752527342,39.92550660925586,47.3627102098178,lateral
7fe31edc381b2bacffbccf1bf1aa79fd,train,90deg,kaggle_train_7fe31edc381b2bacffbc,Unknown,Unknown,168.24,162.83,-1.32,0.0386,0.5975,upright,1.0,0.0,0.0,0.3494359850883484,25.8485722729552,0.0387135290182104,0.0351510643959045,25.8485722729552,61.982021828401216,lateral
92,train,90deg,kaggle_train_92,Unknown,Unknown,146.33,178.59,0.68,0.0998,0.741,upright,1.0,0.0,0.0,0.6794587075710297,45.7862237944757,0.0284637939777707,0.0822839736938476,45.7862237944757,34.4867361661435,lateral
ac388f9c9b8250f080b434415fec5401,train,90deg,kaggle_train_ac388f9c9b8250f080b4,Unknown,Unknown,133.85,170.24,-2.28,0.0918,0.5747,slouch,1.0,0.0,0.0,0.438312217593193,47.74810682058859,0.141490721879248,0.1117190718650817,47.74810682058859,48.77261973169411,lateral
athletic-young-man-doing-workouts-home-man-doing-training-warm-up-before-weight-exercise_1328-4352,train,90deg,kaggle_train_athletic-young-man-d,Unknown,Unknown,133.12,133.73,50.0,0.0704,0.3261,slouch,1.0,0.0,0.0,0.2355952262878418,75.82568586380886,0.021435503936619,0.07416233420372,75.82568586380886,3.1812250645252957,lateral
attractive-athlete-woman-isolated_144627-32747,train,90deg,kaggle_train_attractive-athlete-w,Unknown,Unknown,160.95,177.88,-10.86,0.0062,0.5562,upright,1.0,0.0,0.0,0.0699332654476165,40.55380869369179,0.0961446614222583,0.0391941666603088,40.55380869369179,37.23610401360465,lateral
attractive-young-female-with-beautiful-white-dress-walking-by-sea-evening_181624-26576,train,90deg,kaggle_train_attractive-young-fem,Unknown,Unknown,144.36,175.96,4.09,0.0582,0.3276,upright,1.0,0.0,0.0,0.1176730692386627,52.17283747219109,0.0994757955369991,0.0902140140533447,52.17283747219109,36.86400537358748,lateral
barefoot-woman-enjoying-reading-chair_23-2147848215,train,90deg,kaggle_train_barefoot-woman-enjoy,Unknown,Unknown,120.92,162.26,6.25,0.086,0.2407,slouch,1.0,0.0,0.0,0.2613381231203675,69.43286434175286,0.0587902349787169,0.0897404998540878,69.43286434175286,24.200225665282296,lateral
beautiful-blonde-girl-white-top-tights-posing-white-background_89887-1027,train,90deg,kaggle_train_beautiful-blonde-gir,Unknown,Unknown,165.25,155.2,7.12,0.0447,0.3692,upright,1.0,0.0,0.0,0.2525667361915111,79.76571999638989,0.0355512299945486,0.0494496822357177,79.76571999638989,11.52861587393541,lateral
beautiful-woman-reading-story-book_23-2147872105,train,90deg,kaggle_train_beautiful-woman-read,Unknown,Unknown,174.31,174.42,3.6,0.0146,0.2629,upright,1.0,0.0,0.0,0.286812499165535,25.61286490372729,0.0424232724161345,0.0241741836071014,25.61286490372729,46.95011325410434,lateral
beautiful-woman-wearing-minimalist-shirt_23-2149317781,train,90deg,kaggle_train_beautiful-woman-wear,Unknown,Unknown,168.24,161.33,-7.72,0.0111,0.3497,upright,1.0,0.0,0.0,0.1862773671746254,41.86703071298847,0.0196585552848894,0.0223709940910339,41.86703071298847,39.43677955034475,lateral
beautiful-woman-wearing-minimalist-shirt_23-2149317785,train,90deg,kaggle_train_beautiful-woman-wear,Unknown,Unknown,163.52,148.44,21.22,0.0672,0.3717,forward_head,1.0,0.0,0.0,0.1923294514417648,82.37875067571964,0.0282471600533495,0.0536149740219116,82.37875067571964,17.009909497078088,lateral
beautiful-woman-with-trendy-hairstyle_23-2149405989,train,90deg,kaggle_train_beautiful-woman-with,Unknown,Unknown,177.92,173.68,10.4,0.0326,0.5167,upright,1.0,0.0,0.0,-0.1057735085487365,37.335296330513614,0.0569183885603827,0.0459238290786743,37.335296330513614,51.02592591023973,lateral
beautiful-young-woman-white-coat-posing-studio-full-length-studio-shot-isolated-white_155003-6896,train,90deg,kaggle_train_beautiful-young-woma,Unknown,Unknown,167.04,170.49,2.91,0.0166,0.3288,upright,1.0,0.0,0.0,0.2790107280015945,38.06433182790843,0.0303142666847182,0.0411794781684875,38.06433182790843,48.77234403810904,lateral
beginning-yoga-workout_1163-1557,train,90deg,kaggle_train_beginning-yoga-worko,Unknown,Unknown,175.54,171.98,0.83,0.0015,0.3499,upright,1.0,0.0,0.0,0.1645207107067108,38.12516122190927,0.0340333944165512,0.0251965522766113,38.12516122190927,51.5973910228612,lateral
blondie-woman-uniting-hands-praying_144627-59918,train,90deg,kaggle_train_blondie-woman-unitin,Unknown,Unknown,179.3,179.17,2.89,0.0132,0.6593,upright,1.0,0.0,0.0,0.1716761291027069,24.1942737595056,0.073838607752829,0.0041161179542541,24.1942737595056,61.60200556203868,lateral
businesswoman-standing-straight-confident-posture_53876-129411,train,90deg,kaggle_train_businesswoman-standi,Unknown,Unknown,163.2,129.95,6.88,0.0237,0.3208,upright,1.0,0.0,0.0,0.352292537689209,23.51771269174964,0.013966027679229,0.0091223120689392,23.51771269174964,59.592488897164365,lateral
casual-senior-lady-looking-away_23-2148275034,train,90deg,kaggle_train_casual-senior-lady-l,Unknown,Unknown,169.38,173.47,12.66,0.0041,0.301,upright,1.0,0.0,0.0,0.2342211529612541,38.06106249623664,0.0356886368947317,0.0240700840950012,38.06106249623664,52.99745862027779,lateral
cool-musician_1385-122,train,90deg,kaggle_train_cool-musician_1385-1,Unknown,Unknown,141.21,169.95,-0.56,0.0679,0.3664,forward_head,1.0,0.0,0.0,0.3090666532516479,46.67080073290421,0.0943989033661012,0.0785175263881683,46.67080073290421,43.97570447190183,lateral
crazy-man-angry-expression_1194-5196,train,90deg,kaggle_train_crazy-man-angry-expr,Unknown,Unknown,150.68,178.13,-3.5,0.0718,0.6927,upright,1.0,0.0,0.0,0.276989996433258,37.58973037169909,0.0416533101066658,0.053353726863861,37.58973037169909,44.627506692238185,lateral
curly-haired-man-with-brown-blouse-posing-chair_23-2148892075,train,90deg,kaggle_train_curly-haired-man-wit,Unknown,Unknown,178.31,149.65,60.8,0.1789,0.6087,upright,-1.0,0.0,0.0,0.0702010989189148,98.2743294884252,0.1303594647337623,0.1939846873283386,98.2743294884252,-0.6336635856510682,lateral
d12825aad6a63f8ed901e17f84edd63a,train,90deg,kaggle_train_d12825aad6a63f8ed901,Unknown,Unknown,135.3,156.79,-6.7,0.0331,0.3373,slouch,1.0,0.0,0.0,0.3573056161403656,41.40348194280493,0.0684326004284762,0.0420847535133361,41.40348194280493,49.53188896889683,lateral
d21988367c124420411757eff2f478ef,train,90deg,kaggle_train_d21988367c1244204117,Unknown,Unknown,148.6,178.07,5.16,0.0558,0.3678,upright,1.0,0.0,0.0,0.4334513545036316,48.85408450241618,0.0350205780333766,0.0648398995399475,48.85408450241618,43.70676981990619,lateral
d3e26d46586e561d2a0ee4e07eb3e18a,train,90deg,kaggle_train_d3e26d46586e561d2a0e,Unknown,Unknown,156.38,179.98,4.86,0.0833,0.7088,forward_head,1.0,0.0,0.0,0.3038151860237121,44.38096978774128,0.0828053276283382,0.0896092653274536,44.38096978774128,48.56424793878228,lateral
d8a62f37e4a3f929acefa580e0a2be31,train,90deg,kaggle_train_d8a62f37e4a3f929acef,Unknown,Unknown,171.87,173.84,13.07,0.0193,0.3558,upright,1.0,0.0,0.0,0.340023010969162,10.954311124153463,0.0102146505279465,-0.015706181526184,10.954311124153463,75.71471786795269,lateral
disappointed-boy-looking-down_1149-1262,train,90deg,kaggle_train_disappointed-boy-loo,Unknown,Unknown,116.9,170.72,18.29,0.1221,0.365,slouch,1.0,0.0,0.0,0.4614705964922905,88.62641948132622,0.0249674980610585,0.1302370131015777,88.62641948132622,6.288881443866424,lateral
dreamy-young-beautiful-brunette-woman-with-bun-smiling-thinking-sitting-white-background_176420-12500,train,90deg,kaggle_train_dreamy-young-beautif,Unknown,Unknown,176.14,177.77,1.04,0.0097,0.5925,upright,1.0,0.0,0.0,0.0672427713871002,21.04759773362664,0.0369409553640022,-0.0062868595123291,21.04759773362664,53.7036235909615,lateral
ecfb56bf3ea017b021ae2e3418bee569,train,90deg,kaggle_train_ecfb56bf3ea017b021ae,Unknown,Unknown,115.47,177.8,18.51,0.264,0.6943,slouch,1.0,0.0,0.0,0.4757603257894516,83.5762380336219,0.1180151609111275,0.2440559566020965,83.5762380336219,10.096955228253517,lateral
elegant-woman-making-notes-book_23-2147848222,train,90deg,kaggle_train_elegant-woman-making,Unknown,Unknown,158.25,157.55,39.46,0.1737,0.4638,forward_head,1.0,0.0,0.0,0.3196815326809883,71.24779051278007,0.0416375160352712,0.1620108485221862,71.24779051278007,12.634639857099875,lateral
expressive-young-girl-posing-studio_176474-80100,train,90deg,kaggle_train_expressive-young-gir,Unknown,Unknown,160.95,165.52,0.72,0.0329,0.6535,upright,1.0,0.0,0.0,0.2601049840450287,40.99232728400275,0.0490609075420546,0.058185338973999,40.99232728400275,30.87166631774953,lateral
expressive-young-woman-posing-studio_176474-35605,train,90deg,kaggle_train_expressive-young-wom,Unknown,Unknown,171.76,169.83,-0.07,0.008,0.7211,upright,1.0,0.0,0.0,0.294801227748394,35.884601964423645,0.0226327992228324,0.0395134687423706,35.884601964423645,32.556978934767145,lateral
expressive-young-woman-posing-studio_176474-69122,train,90deg,kaggle_train_expressive-young-wom,Unknown,Unknown,178.65,176.46,4.98,0.0209,0.646,upright,1.0,0.0,0.0,0.1411058008670807,27.201207324575368,0.0604478806486133,0.0100557804107666,27.201207324575368,58.31056122441358,lateral
expressive-young-woman-posing_176474-100294,train,90deg,kaggle_train_expressive-young-wom,Unknown,Unknown,176.06,171.27,2.78,0.0295,0.6774,upright,1.0,0.0,0.0,0.2281313836574554,10.213106057226009,0.0292322082367221,-0.0240229368209838,10.213106057226009,63.60825980193983,lateral
expressive-young-woman-posing_176474-26750,train,90deg,kaggle_train_expressive-young-wom,Unknown,Unknown,166.02,165.67,11.9,0.047,0.5143,upright,1.0,0.0,0.0,0.1982045695185661,46.001628319729264,0.0622587908674634,0.0593167543411254,46.001628319729264,33.48500047091473,lateral
exterior-portrait-black-man_23-2149645853,train,90deg,kaggle_train_exterior-portrait-bl,Unknown,Unknown,164.68,157.8,8.26,0.0701,0.4936,forward_head,1.0,0.0,0.0,0.1695673614740371,46.14590158580471,0.0619510092717244,0.0414497852325439,46.14590158580471,29.57972291269447,lateral
fashion-portrait-young-elegant-woman_1328-2725,train,90deg,kaggle_train_fashion-portrait-you,Unknown,Unknown,169.54,179.21,0.88,0.0297,0.6667,upright,1.0,0.0,0.0,0.2648137956857681,42.28246915428336,0.0190773181840841,0.0458281636238098,42.28246915428336,31.802390493235265,lateral
fea302810f1adb061afc909176eadad5,train,90deg,kaggle_train_fea302810f1adb061afc,Unknown,Unknown,161.31,166.71,8.46,0.0367,0.3487,upright,1.0,0.0,0.0,0.3384629935026169,50.50768275562935,0.0717807409630815,0.0779412984848022,50.50768275562935,33.271739213115055,lateral
flexible-woman-stretching-with-chair_1163-871,train,90deg,kaggle_train_flexible-woman-stret,Unknown,Unknown,178.57,160.73,16.7,0.0256,0.4359,upright,1.0,0.0,0.0,0.278947502374649,37.12781451746846,0.0187049670419543,0.0263538062572479,37.12781451746846,43.86184822694029,lateral
freedom-concept-with-hiker-mountain_23-2148107035,train,90deg,kaggle_train_freedom-concept-with,Unknown,Unknown,172.56,179.58,2.02,0.0142,0.3831,upright,1.0,0.0,0.0,0.0969547815620899,48.81633778570732,0.0222127970877772,0.0246523916721344,48.81633778570732,42.49425534795679,lateral
front-view-young-attractive-male-with-beard-black-dark-classic-modern-suit-blue-space_140725-12752,train,90deg,kaggle_train_front-view-young-att,Unknown,Unknown,155.47,179.52,2.93,0.0746,0.6824,upright,1.0,0.0,0.0,0.2895353659987449,60.4516066132045,0.090094903941824,0.0830593705177307,60.4516066132045,33.2062953737506,lateral
front-view-young-female-sitting-top-mountain_23-2148343519,train,90deg,kaggle_train_front-view-young-fem,Unknown,Unknown,175.07,164.04,1.01,0.0193,0.373,upright,1.0,0.0,0.0,0.2369139790534973,21.257870107562923,0.0411987026836587,-0.0020547968134753,21.257870107562923,64.77190098381317,lateral
full-length-portrait-happy-jumping-man-yellow-background_155003-30250,train,90deg,kaggle_train_full-length-portrait,Unknown,Unknown,170.13,140.21,58.29,0.0805,0.2638,upright,1.0,0.0,0.0,-0.0338972210884094,72.30014809940369,0.0442030074127676,0.0755305886268615,72.30014809940369,11.883176396667713,lateral
full-shot-man-practising-yoga_23-2151406520,train,90deg,kaggle_train_full-shot-man-practi,Unknown,Unknown,164.88,150.44,0.25,0.0027,0.302,upright,1.0,0.0,0.0,0.3995041698217392,35.4975825702603,0.007030045708439,0.0407209396362304,35.4975825702603,52.94187303350102,lateral
full-shot-queer-woman-posing-studio_23-2151177785,train,90deg,kaggle_train_full-shot-queer-woma,Unknown,Unknown,156.95,161.59,20.71,0.0479,0.434,upright,1.0,0.0,0.0,0.1417917907238006,-20.151673119427404,0.0116569071017692,-0.0532974004745483,-20.151673119427404,123.46170779121915,lateral
full-shot-sad-boy-sitting-floor_23-2149748441,train,90deg,kaggle_train_full-shot-sad-boy-si,Unknown,Unknown,168.41,113.96,17.63,0.0037,0.4363,upright,1.0,0.0,0.0,0.2695043012499809,29.615102516805614,0.1290437088549046,0.0251764059066772,29.615102516805614,49.70814914435934,lateral
full-shot-woman-sitting-floor_23-2149071894,train,90deg,kaggle_train_full-shot-woman-sitt,Unknown,Unknown,137.73,130.4,31.94,0.2636,0.5367,slouch,1.0,0.0,0.0,0.5353508293628693,85.2752474303075,0.093100184399642,0.1882500052452087,85.2752474303075,3.304922710702283,lateral
garland-malasana-pose_1163-1337,train,90deg,kaggle_train_garland-malasana-pos,Unknown,Unknown,171.62,166.65,17.55,0.0604,0.6369,upright,1.0,0.0,0.0,0.2976880073547363,43.216765430156784,0.0126697670127612,0.0405611395835876,43.216765430156784,41.12113350228857,lateral
girl-black-clothes-giving-professional-neutral-poses-without-reaction_144627-48421,train,90deg,kaggle_train_girl-black-clothes-g,Unknown,Unknown,173.37,173.9,-1.24,0.0056,0.6916,upright,1.0,0.0,0.0,0.2164736986160278,24.234735293676064,0.0310179242347008,0.0114074647426605,24.234735293676064,58.46030555466209,lateral
girl-grey-shirt-giving-positive-appealing-poses_144627-51112,train,90deg,kaggle_train_girl-grey-shirt-givi,Unknown,Unknown,164.64,160.64,4.01,0.0007,0.6865,upright,1.0,0.0,0.0,0.1591962426900863,33.599748283925784,0.1133998122032579,0.0407052636146545,33.599748283925784,44.903996181023736,lateral
girl-grey-sweater-making-silent-sign_144627-51417,train,90deg,kaggle_train_girl-grey-sweater-ma,Unknown,Unknown,167.69,162.7,-0.82,0.0092,0.6997,upright,1.0,0.0,0.0,0.1546350866556167,42.328907019804426,0.1114884716146925,0.0652471780776977,42.328907019804426,37.546403091069855,lateral
girl-sitting-block-having-video-call-through-pc-tablet-waving-hand_23-2148040007,train,90deg,kaggle_train_girl-sitting-block-h,Unknown,Unknown,153.39,158.65,-4.99,0.0138,0.3263,upright,1.0,0.0,0.0,0.1986037939786911,42.74913923504977,0.117754104538635,0.0618572533130645,42.74913923504977,48.59593199435781,lateral
girl-uniting-her-hands-praying_144627-51677,train,90deg,kaggle_train_girl-uniting-her-han,Unknown,Unknown,170.18,170.9,0.37,0.0182,0.6485,upright,1.0,0.0,0.0,0.2728192061185837,34.7696644775183,0.0337131833396556,0.0352756977081298,34.7696644775183,42.026464361238574,lateral
handsome-adult-male-waiting-bus_23-2148577412,train,90deg,kaggle_train_handsome-adult-male-,Unknown,Unknown,167.89,176.35,2.95,0.0435,0.6642,upright,1.0,0.0,0.0,0.0082996189594268,49.55646073322488,0.0605083121551511,0.0529286414384841,49.55646073322488,43.8484903780076,lateral
handsome-man-holding-briefcase_1368-9690,train,90deg,kaggle_train_handsome-man-holding,Unknown,Unknown,167.11,175.95,0.14,0.0298,0.6436,upright,1.0,0.0,0.0,0.3855526447296142,33.2582449605783,0.1422020854661197,0.0706282258033752,33.2582449605783,55.637113213040905,lateral
handsome-man-sitting-floor_144627-9850,train,90deg,kaggle_train_handsome-man-sitting,Unknown,Unknown,161.69,150.17,-2.87,0.0003,0.6741,upright,1.0,0.0,0.0,0.1354010552167892,45.11555619338073,0.0818063445917498,0.040717601776123,45.11555619338073,33.7706574829114,lateral
handsome-man_144627-31628,train,90deg,kaggle_train_handsome-man_144627-,Unknown,Unknown,167.23,175.32,6.21,0.0235,0.3154,upright,1.0,0.0,0.0,0.3710106909275055,37.98695640900053,0.0171826021466695,0.0301873087882995,37.98695640900053,45.32609586249988,lateral
handsome-sporty-man-stretching-park-by-river_1303-21901,train,90deg,kaggle_train_handsome-sporty-man-,Unknown,Unknown,152.21,168.04,1.52,0.0509,0.449,upright,1.0,0.0,0.0,0.1568811079487204,55.68635287276192,0.0336058387851225,0.0383526682853698,55.68635287276192,19.3976772894675,lateral
happy-woman-doing-yoga-sun_23-2147658178,train,90deg,kaggle_train_happy-woman-doing-yo,Unknown,Unknown,179.89,139.54,17.06,0.0862,0.5006,forward_head,1.0,0.0,0.0,0.3307160539552569,-3.1693001520396096,0.0263662907233107,-0.0475459694862365,-3.1693001520396096,80.37082545489838,lateral
horizontal-portrait-smiling-young-woman-with-brown-hair-sitting-profile-floor-propping-up-head-with-hand-isolated-white-wall_171337-1203,train,90deg,kaggle_train_horizontal-portrait-,Unknown,Unknown,173.78,156.12,5.89,0.0301,0.5524,upright,1.0,0.0,0.0,0.0152175575494766,30.957250776159963,0.139026080117006,0.0372785329818725,30.957250776159963,46.03539622164096,lateral
istockphoto-1030196058-612x612,train,90deg,kaggle_train_istockphoto-10301960,Unknown,Unknown,134.3,146.11,57.39,0.0783,0.2358,slouch,-1.0,0.0,0.0,0.1705427542328834,-136.95677420248245,0.0643681768215239,-0.0629823803901672,-136.95677420248245,-128.85795119997283,lateral
istockphoto-1059112556-612x612,train,90deg,kaggle_train_istockphoto-10591125,Unknown,Unknown,162.5,168.84,28.62,0.0342,0.3853,upright,1.0,0.0,0.0,0.2237277776002884,4.209920785689962,0.0257856358439596,-0.0270965099334716,4.209920785689962,88.80772919849667,lateral
istockphoto-1061468532-612x612,train,90deg,kaggle_train_istockphoto-10614685,Unknown,Unknown,163.03,151.89,27.44,0.0303,0.2956,upright,1.0,0.0,0.0,0.1366502977907657,59.81733094427503,0.0259172985404151,0.024778127670288,59.81733094427503,30.67944726783721,lateral
istockphoto-1066381512-612x612,train,90deg,kaggle_train_istockphoto-10663815,Unknown,Unknown,149.8,171.42,-1.12,0.0485,0.378,upright,1.0,0.0,0.0,0.1849604845046997,62.25921897026082,0.0543583019536653,0.0577028691768646,62.25921897026082,33.58939405423485,lateral
istockphoto-1091245772-612x612,train,90deg,kaggle_train_istockphoto-10912457,Unknown,Unknown,140.72,179.23,12.58,0.0866,0.35,forward_head,1.0,0.0,0.0,0.2410709261894226,52.61403765885912,0.0715403604923677,0.0843681991100311,52.61403765885912,42.05289221776064,lateral
istockphoto-109350527-612x612,train,90deg,kaggle_train_istockphoto-10935052,Unknown,Unknown,168.63,165.63,17.94,0.0746,0.4353,upright,1.0,0.0,0.0,0.1782983299344778,64.56374679644244,0.0212095693981499,0.0586840510368347,64.56374679644244,20.15488184777773,lateral
istockphoto-1095953998-612x612,train,90deg,kaggle_train_istockphoto-10959539,Unknown,Unknown,150.68,163.96,6.3,0.0282,0.181,upright,1.0,0.0,0.0,0.1018086113035678,74.51831566151058,0.0111428595422192,0.0260374546051025,74.51831566151058,18.31950146718875,lateral
istockphoto-1133497857-612x612,train,90deg,kaggle_train_istockphoto-11334978,Unknown,Unknown,157.05,154.97,15.23,0.0623,0.301,upright,1.0,0.0,0.0,0.1946080699563026,79.18912553729378,0.0144298169893894,0.0504441261291503,79.18912553729378,9.259959036974418,lateral
istockphoto-1136341356-612x612,train,90deg,kaggle_train_istockphoto-11363413,Unknown,Unknown,171.02,166.19,-1.96,0.0137,0.2741,upright,1.0,0.0,0.0,0.1183464778587222,47.31849522618629,0.0322078042159549,0.0207895040512084,47.31849522618629,40.49471060009829,lateral
istockphoto-1148242431-612x612,train,90deg,kaggle_train_istockphoto-11482424,Unknown,Unknown,164.06,173.86,-1.77,0.0268,0.4078,upright,1.0,0.0,0.0,0.3351928144693374,40.49019763838872,0.053034336494461,0.0591161121875782,40.49019763838872,36.54562505959681,lateral
istockphoto-1149131797-612x612,train,90deg,kaggle_train_istockphoto-11491317,Unknown,Unknown,167.51,148.86,9.62,0.0211,0.4201,upright,1.0,0.0,0.0,0.1439650952816009,33.65182071975661,0.0318526829244093,0.0336908102035522,33.65182071975661,40.48415361442077,lateral
istockphoto-1151278644-612x612,train,90deg,kaggle_train_istockphoto-11512786,Unknown,Unknown,153.02,150.11,12.81,0.0924,0.352,forward_head,1.0,0.0,0.0,0.4174611568450928,51.18345873938213,0.0366041063471156,0.0828755497932434,51.18345873938213,30.8249211281168,lateral
istockphoto-1156480722-612x612,train,90deg,kaggle_train_istockphoto-11564807,Unknown,Unknown,171.06,149.29,-2.76,0.0186,0.2875,upright,1.0,0.0,0.0,0.1493583582341671,39.75378985293279,0.0163395663341364,0.0184186398983001,39.75378985293279,36.62395076773418,lateral
istockphoto-1163416792-612x612,train,90deg,kaggle_train_istockphoto-11634167,Unknown,Unknown,142.34,175.24,25.99,0.007,0.3745,upright,1.0,0.0,0.0,0.2285098657011985,32.17346866561852,0.0387474953557039,0.0105576813220977,32.17346866561852,53.00819113410926,lateral
istockphoto-1172677950-612x612,train,90deg,kaggle_train_istockphoto-11726779,Unknown,Unknown,169.14,160.55,-2.71,0.0251,0.4295,upright,1.0,0.0,0.0,0.1054564267396926,40.89611104794404,0.0356402284930021,0.0284062623977661,40.89611104794404,45.15807548906497,lateral
istockphoto-1173069390-612x612,train,90deg,kaggle_train_istockphoto-11730693,Unknown,Unknown,174.99,170.3,18.49,0.0291,0.2836,upright,1.0,0.0,0.0,0.1737037161365151,64.23953871374982,0.0140933920813956,0.0446788668632507,64.23953871374982,13.549227544039338,lateral
istockphoto-1181011062-612x612,train,90deg,kaggle_train_istockphoto-11810110,Unknown,Unknown,174.39,176.18,2.59,0.0171,0.375,upright,1.0,0.0,0.0,0.1968176625669002,46.5374344488253,0.019174340390928,0.0332219898700714,46.5374344488253,42.36703853525755,lateral
istockphoto-1182088879-612x612,train,90deg,kaggle_train_istockphoto-11820888,Unknown,Unknown,170.41,176.13,-0.24,0.0122,0.4191,upright,1.0,0.0,0.0,0.3958855643868446,36.23174195404457,0.0391600988930406,0.0435745735092467,36.23174195404457,47.74186574840475,lateral
istockphoto-1182863533-612x612,train,90deg,kaggle_train_istockphoto-11828635,Unknown,Unknown,170.22,175.26,-1.29,0.0165,0.4027,upright,1.0,0.0,0.0,0.2326625864952802,39.01427460810308,0.0159500022643388,0.0288318395614624,39.01427460810308,44.51329666687042,lateral
istockphoto-1186773550-612x612,train,90deg,kaggle_train_istockphoto-11867735,Unknown,Unknown,164.25,166.9,15.76,0.0007,0.4047,upright,1.0,0.0,0.0,0.4384822733700275,35.91261248471469,0.0561879844477606,0.0196100680414074,35.91261248471469,49.922744692884415,lateral
istockphoto-1187326275-612x612,train,90deg,kaggle_train_istockphoto-11873262,Unknown,Unknown,168.17,170.97,16.53,0.0258,0.3873,upright,1.0,0.0,0.0,0.1083815544843673,38.2660343429004,0.0419878415293953,0.0278676152229309,38.2660343429004,43.833549676460464,lateral
istockphoto-1197102229-612x612,train,90deg,kaggle_train_istockphoto-11971022,Unknown,Unknown,157.08,152.46,-2.45,0.0457,0.3386,upright,1.0,0.0,0.0,0.4740955159068107,41.25713097731097,0.0448286561002532,0.0746567100286483,41.25713097731097,39.25393938100151,lateral
istockphoto-120185409-612x612,train,90deg,kaggle_train_istockphoto-12018540,Unknown,Unknown,152.81,175.34,7.6,0.0981,0.6393,upright,1.0,0.0,0.0,0.3619835525751114,53.34464627920994,0.0383355846125107,0.0792387723922729,53.34464627920994,31.590928701552343,lateral
istockphoto-1208782358-612x612,train,90deg,kaggle_train_istockphoto-12087823,Unknown,Unknown,169.05,179.84,5.95,0.0223,0.2903,upright,1.0,0.0,0.0,0.1573627591133117,46.40226682491345,0.0170827291265946,0.02733114361763,46.40226682491345,41.2529066743115,lateral
istockphoto-1210144509-612x612,train,90deg,kaggle_train_istockphoto-12101445,Unknown,Unknown,152.53,177.57,-5.12,0.0332,0.3926,upright,1.0,0.0,0.0,0.3223750069737434,40.00069835318306,0.031388026021535,0.0374870896339416,40.00069835318306,28.14650613989333,lateral
istockphoto-1211594450-612x612,train,90deg,kaggle_train_istockphoto-12115944,Unknown,Unknown,162.69,174.45,-7.03,0.0158,0.424,upright,1.0,0.0,0.0,0.32115427730605,44.18259425944077,0.0225600275522695,0.0270723700523376,44.18259425944077,43.87805424146504,lateral
istockphoto-1214822798-612x612,train,90deg,kaggle_train_istockphoto-12148227,Unknown,Unknown,168.78,114.41,14.1,0.0464,0.3301,upright,1.0,0.0,0.0,0.2144108116626739,37.44507297463424,0.0309845390702266,0.0275070068571302,37.44507297463424,51.16448415800648,lateral
istockphoto-1223666290-612x612,train,90deg,kaggle_train_istockphoto-12236662,Unknown,Unknown,176.05,145.38,13.2,0.0562,0.3966,upright,1.0,0.0,0.0,0.350563108921051,44.06169016208152,0.0150964466674877,0.0640050138688649,44.06169016208152,33.74205584943565,lateral
istockphoto-1253073665-612x612,train,90deg,kaggle_train_istockphoto-12530736,Unknown,Unknown,178.74,163.95,10.66,0.0299,0.3392,upright,1.0,0.0,0.0,0.1414402574300766,51.04868765210376,0.0271079856173658,0.0369082689285278,51.04868765210376,36.68391437576366,lateral
istockphoto-1273193405-612x612,train,90deg,kaggle_train_istockphoto-12731934,Unknown,Unknown,176.67,173.08,0.81,0.0028,0.4571,upright,1.0,0.0,0.0,0.1373418942093849,40.85241328481568,0.0626765350450486,0.0435474514961242,40.85241328481568,39.84948308247149,lateral
istockphoto-1293570741-612x612,train,90deg,kaggle_train_istockphoto-12935707,Unknown,Unknown,155.84,179.32,-7.94,0.0168,0.3549,upright,1.0,0.0,0.0,0.1386945163831114,34.145261682968645,0.032663941837567,0.0133169293403625,34.145261682968645,53.26572065507494,lateral
istockphoto-1295288466-612x612,train,90deg,kaggle_train_istockphoto-12952884,Unknown,Unknown,163.4,165.79,1.8,0.0299,0.3038,upright,1.0,0.0,0.0,0.1258617043495178,46.75704573662502,0.039417596684171,0.0326786339282989,46.75704573662502,40.418210276989306,lateral
istockphoto-1297738770-612x612,train,90deg,kaggle_train_istockphoto-12977387,Unknown,Unknown,177.31,179.58,5.6,0.018,0.4079,upright,1.0,0.0,0.0,0.110807366669178,38.15585735858436,0.0403244965235118,0.0326801240444183,38.15585735858436,43.00145254301274,lateral
istockphoto-1305026834-612x612,train,90deg,kaggle_train_istockphoto-13050268,Unknown,Unknown,165.97,164.53,11.93,0.0238,0.6325,upright,1.0,0.0,0.0,0.1399774327874183,43.05435419582754,0.0565608362835424,0.0547847151756286,43.05435419582754,25.02461921027067,lateral
istockphoto-1310777080-612x612,train,90deg,kaggle_train_istockphoto-13107770,Unknown,Unknown,150.63,143.81,-23.1,0.0128,0.3193,upright,1.0,0.0,0.0,0.1177227050065994,41.09681194815139,0.029458899770514,0.0172309726476669,41.09681194815139,46.23360418538594,lateral
istockphoto-1312755496-612x612,train,90deg,kaggle_train_istockphoto-13127554,Unknown,Unknown,179.19,157.16,3.56,0.031,0.5043,upright,1.0,0.0,0.0,0.3292977660894394,28.34915278440592,0.0046790889982377,0.0110415816307067,28.34915278440592,56.54391613311214,lateral
istockphoto-1340649487-612x612,train,90deg,kaggle_train_istockphoto-13406494,Unknown,Unknown,170.41,155.27,9.83,0.0584,0.4857,upright,1.0,0.0,0.0,-0.0921105444431305,56.73372644806457,0.084266423677478,0.0332185626029968,56.73372644806457,25.58516702306517,lateral
istockphoto-1357523137-612x612,train,90deg,kaggle_train_istockphoto-13575231,Unknown,Unknown,153.76,176.71,11.39,0.0661,0.3804,upright,1.0,0.0,0.0,0.2116568088531494,49.896591677667054,0.0561958821713052,0.0619613214639517,49.896591677667054,41.19916674276313,lateral
istockphoto-1364199457-612x612,train,90deg,kaggle_train_istockphoto-13641994,Unknown,Unknown,130.29,177.14,-11.08,0.0474,0.3212,slouch,1.0,0.0,0.0,0.2949935980141163,47.42922104353285,0.0709236909112522,0.0697287917137146,47.42922104353285,45.0095038536492,lateral
istockphoto-1371920416-612x612,train,90deg,kaggle_train_istockphoto-13719204,Unknown,Unknown,166.59,177.52,7.95,0.0313,0.3133,upright,1.0,0.0,0.0,0.1956824138760566,54.44642651397875,0.0262455326820008,0.0393273532390594,54.44642651397875,30.465653164747103,lateral
istockphoto-1391457984-612x612,train,90deg,kaggle_train_istockphoto-13914579,Unknown,Unknown,165.42,168.79,-7.56,0.0138,0.4228,upright,1.0,0.0,0.0,0.1172733753919601,44.29131937076558,0.0638215960010733,0.0310841798782348,44.29131937076558,45.59684849152544,lateral
istockphoto-1393749452-612x612,train,90deg,kaggle_train_istockphoto-13937494,Unknown,Unknown,170.0,169.62,5.64,0.0573,0.6368,upright,1.0,0.0,0.0,0.1409527882933616,57.82411399338233,0.0489173445229602,0.0664291679859161,57.82411399338233,26.39328823420924,lateral
istockphoto-1394347648-612x612,train,90deg,kaggle_train_istockphoto-13943476,Unknown,Unknown,173.74,174.05,8.59,0.0536,0.6242,upright,1.0,0.0,0.0,0.2060338407754898,50.17654420705418,0.0400224539389447,0.0685079097747802,50.17654420705418,22.90012383225613,lateral
istockphoto-140473826-612x612,train,90deg,kaggle_train_istockphoto-14047382,Unknown,Unknown,162.81,176.6,9.48,0.0786,0.7361,forward_head,1.0,0.0,0.0,0.2799162864685058,57.079050106519055,0.0852918847276502,0.099467933177948,57.079050106519055,23.545049985096615,lateral
istockphoto-1407451229-612x612,train,90deg,kaggle_train_istockphoto-14074512,Unknown,Unknown,174.84,178.81,5.46,0.0214,0.3647,upright,1.0,0.0,0.0,0.3962277770042419,36.68164763377835,0.0215931381014151,0.0681408643722534,36.68164763377835,37.09542922437265,lateral
istockphoto-1411043496-612x612,train,90deg,kaggle_train_istockphoto-14110434,Unknown,Unknown,163.86,175.37,-2.52,0.0207,0.3667,upright,1.0,0.0,0.0,0.1526644043624401,53.42860835623204,0.0269157920987315,0.0393653213977813,53.42860835623204,41.75616534086844,lateral
istockphoto-1435292022-612x612,train,90deg,kaggle_train_istockphoto-14352920,Unknown,Unknown,157.43,157.73,24.05,0.0622,0.2692,upright,-1.0,0.0,0.0,0.1856155693531036,97.07597590940507,0.0430192624883505,0.0687763094902038,97.07597590940507,-0.606291351158435,lateral
istockphoto-1435293906-612x612,train,90deg,kaggle_train_istockphoto-14352939,Unknown,Unknown,161.27,163.55,13.69,0.1059,0.6284,upright,1.0,0.0,0.0,0.1556663662195205,61.3087415289409,0.1036407944184744,0.0871065855026245,61.3087415289409,26.384053403022676,lateral
istockphoto-1445742246-612x612,train,90deg,kaggle_train_istockphoto-14457422,Unknown,Unknown,145.65,158.76,20.13,0.1668,0.6415,forward_head,-1.0,0.0,0.0,0.330879271030426,95.21445498425412,0.1050053488915618,0.1604728102684021,95.21445498425412,-0.2975505808555936,lateral
istockphoto-1450789107-612x612,train,90deg,kaggle_train_istockphoto-14507891,Unknown,Unknown,170.19,179.82,20.4,0.0633,0.4525,forward_head,1.0,0.0,0.0,0.3138562887907028,48.67993053741687,0.0312661751290987,0.0621667643667946,48.67993053741687,32.532823802635114,lateral
istockphoto-1458805186-612x612,train,90deg,kaggle_train_istockphoto-14588051,Unknown,Unknown,146.42,159.83,7.21,0.0543,0.2628,upright,1.0,0.0,0.0,0.3746475763618946,58.57975569580304,0.0060129026673177,0.0632300972938537,58.57975569580304,25.435093103562373,lateral
istockphoto-1461594665-612x612,train,90deg,kaggle_train_istockphoto-14615946,Unknown,Unknown,175.49,175.38,-3.47,0.0017,0.3373,upright,1.0,0.0,0.0,0.4328876864165067,31.17141401515412,0.0200148286825881,0.0476434169409101,31.17141401515412,49.20255336259788,lateral
istockphoto-1461597133-612x612,train,90deg,kaggle_train_istockphoto-14615971,Unknown,Unknown,161.08,153.37,32.52,0.0278,0.3777,upright,1.0,0.0,0.0,0.4301219582557678,22.92026062905712,0.0348875197486333,-0.0030189752578735,22.92026062905712,59.069117080748896,lateral
istockphoto-1472349958-612x612,train,90deg,kaggle_train_istockphoto-14723499,Unknown,Unknown,144.83,165.24,-4.83,0.044,0.3047,upright,1.0,0.0,0.0,0.3463783785700798,39.9546892798992,0.0717562084981193,0.0549024045467376,39.9546892798992,45.07398001620095,lateral
istockphoto-1472602515-612x612,train,90deg,kaggle_train_istockphoto-14726025,Unknown,Unknown,179.5,171.77,4.02,0.0235,0.5492,upright,1.0,0.0,0.0,0.2341812700033188,41.22199461989067,0.0486313948329248,0.0338205695152282,41.22199461989067,31.88439805806277,lateral
istockphoto-1475047839-612x612,train,90deg,kaggle_train_istockphoto-14750478,Unknown,Unknown,162.09,179.15,25.09,0.0248,0.3171,upright,1.0,0.0,0.0,0.1858555449289269,14.271722548947835,0.0190761465311135,-0.0167229622602462,14.271722548947835,84.38315637136857,lateral
istockphoto-1475492508-612x612,train,90deg,kaggle_train_istockphoto-14754925,Unknown,Unknown,167.92,178.86,-0.88,0.0131,0.274,upright,1.0,0.0,0.0,0.1543186530470848,32.72009654592295,0.0446248584301881,0.0200049877166748,32.72009654592295,42.073172223851465,lateral
istockphoto-1476000686-612x612,train,90deg,kaggle_train_istockphoto-14760006,Unknown,Unknown,140.38,174.15,-10.8,0.0345,0.3125,upright,1.0,0.0,0.0,0.0443835761398077,49.674912486254485,0.0743319429117511,0.0385977625846862,49.674912486254485,49.013762304886576,lateral
istockphoto-147946192-612x612,train,90deg,kaggle_train_istockphoto-14794619,Unknown,Unknown,156.88,158.64,2.85,0.0455,0.3437,upright,1.0,0.0,0.0,0.1578580141067505,75.97714178422929,0.0358799953654488,0.034521073102951,75.97714178422929,26.448950765684955,lateral
istockphoto-1490439761-612x612,train,90deg,kaggle_train_istockphoto-14904397,Unknown,Unknown,144.97,159.51,19.21,0.1291,0.5138,forward_head,1.0,0.0,0.0,0.1129540503025055,86.69243089153085,0.0686961589770968,0.0997473299503326,86.69243089153085,4.957782696657429,lateral
istockphoto-155149961-612x612,train,90deg,kaggle_train_istockphoto-15514996,Unknown,Unknown,139.23,105.2,74.51,0.1083,0.3091,slouch,-1.0,0.0,0.0,0.2501524835824966,96.14601794631646,0.013641468534321,0.0901647806167602,96.14601794631646,1.302420584361378,lateral
istockphoto-155433134-612x612,train,90deg,kaggle_train_istockphoto-15543313,Unknown,Unknown,175.0,149.75,25.64,0.1133,0.67,upright,1.0,0.0,0.0,0.4458557069301605,69.16686903809949,0.0202027575712091,0.0960286855697631,69.16686903809949,23.21909642223572,lateral
istockphoto-1659709373-612x612,train,90deg,kaggle_train_istockphoto-16597093,Unknown,Unknown,164.75,175.84,2.7,0.0393,0.5022,upright,1.0,0.0,0.0,0.274111732840538,51.52502445924468,0.046840099095036,0.0598174929618835,51.52502445924468,33.609512472502544,lateral
istockphoto-171159912-612x612,train,90deg,kaggle_train_istockphoto-17115991,Unknown,Unknown,167.07,167.81,8.9,0.0757,0.6163,upright,1.0,0.0,0.0,0.1505058109760284,69.13466735984686,0.1006562452356434,0.0863131880760192,69.13466735984686,26.056973089330825,lateral
istockphoto-175138621-612x612,train,90deg,kaggle_train_istockphoto-17513862,Unknown,Unknown,169.19,156.94,5.26,0.0102,0.3629,upright,1.0,0.0,0.0,0.1720049157738685,49.75301692074681,0.0168005002429155,0.0324375331401824,49.75301692074681,28.148209594463903,lateral
istockphoto-175416649-612x612,train,90deg,kaggle_train_istockphoto-17541664,Unknown,Unknown,158.46,179.71,30.51,0.1009,0.4329,forward_head,1.0,0.0,0.0,0.3541385121643543,-24.40831507079956,0.0257747621108196,-0.0978689003534126,-24.40831507079956,133.67783631246732,lateral
istockphoto-175535093-612x612,train,90deg,kaggle_train_istockphoto-17553509,Unknown,Unknown,155.71,176.54,8.43,0.0635,0.422,upright,1.0,0.0,0.0,0.4187895245850086,47.015857265484094,0.0276303169633261,0.0771461129188537,47.015857265484094,35.151688381212665,lateral
istockphoto-177831224-612x612,train,90deg,kaggle_train_istockphoto-17783122,Unknown,Unknown,171.25,177.82,9.18,0.0326,0.3978,upright,1.0,0.0,0.0,0.2321721147745847,46.11323473306453,0.0107055319260104,0.0298703014850616,46.11323473306453,39.12169863199477,lateral
istockphoto-184641954-612x612 (1),train,90deg,kaggle_train_istockphoto-18464195,Unknown,Unknown,164.49,169.87,19.9,0.0681,0.3966,forward_head,1.0,0.0,0.0,0.3506078720092773,57.24720432742026,0.043003551597691,0.0866580172203507,57.24720432742026,27.49710237734324,lateral
istockphoto-186082270-612x612,train,90deg,kaggle_train_istockphoto-18608227,Unknown,Unknown,159.97,169.59,4.34,0.0456,0.4005,upright,1.0,0.0,0.0,0.1806841604411602,61.50171059511814,0.04437758442324,0.046916663646698,61.50171059511814,27.4827785200458,lateral
istockphoto-2168582636-612x612,train,90deg,kaggle_train_istockphoto-21685826,Unknown,Unknown,143.72,174.31,26.11,0.1397,0.5017,forward_head,1.0,0.0,0.0,0.3348160237073898,57.3624294613625,0.0269462636407147,0.1112670080103103,57.3624294613625,23.737554463825138,lateral
istockphoto-2168582662-612x612,train,90deg,kaggle_train_istockphoto-21685826,Unknown,Unknown,165.24,179.84,8.98,0.0645,0.5764,upright,1.0,0.0,0.0,0.1595472395420074,48.29505648953615,0.0436538985523438,0.0605009794235229,48.29505648953615,29.140637224358827,lateral
istockphoto-468837945-612x612,train,90deg,kaggle_train_istockphoto-46883794,Unknown,Unknown,178.21,163.05,25.66,0.0458,0.2307,upright,1.0,0.0,0.0,0.1228255666792392,66.68923748383837,0.025461102701166,0.0492399334907531,66.68923748383837,17.008120426228622,lateral
istockphoto-490987580-612x612,train,90deg,kaggle_train_istockphoto-49098758,Unknown,Unknown,177.66,158.99,8.85,0.0401,0.4342,upright,1.0,0.0,0.0,0.3875538557767868,34.496041267155256,0.0256050241435253,0.0420376658439636,34.496041267155256,34.18686392394607,lateral
istockphoto-492599302-612x612,train,90deg,kaggle_train_istockphoto-49259930,Unknown,Unknown,146.29,179.73,-9.08,0.0352,0.4278,upright,1.0,0.0,0.0,0.3642873764038086,34.781574839078395,0.0444352073627027,0.0420897759633733,34.781574839078395,42.23829476436264,lateral
istockphoto-502129267-612x612,train,90deg,kaggle_train_istockphoto-50212926,Unknown,Unknown,157.71,153.08,16.46,0.0596,0.2719,upright,1.0,0.0,0.0,0.3232848029583692,67.55967250361633,0.0723252174436976,0.0732006430625915,67.55967250361633,25.18493225590091,lateral
istockphoto-505727547-612x612,train,90deg,kaggle_train_istockphoto-50572754,Unknown,Unknown,173.12,179.45,1.71,0.0104,0.2922,upright,1.0,0.0,0.0,0.2193307429552078,41.91912939965264,0.017978778732442,0.0244328081607818,41.91912939965264,39.32158426280203,lateral
istockphoto-511665515-612x612,train,90deg,kaggle_train_istockphoto-51166551,Unknown,Unknown,140.54,175.49,-23.69,0.0072,0.3496,upright,1.0,0.0,0.0,0.2615175098180771,21.616227927644,0.1015692503893593,0.0108762383460998,21.616227927644,70.2295152359835,lateral
istockphoto-515601734-612x612,train,90deg,kaggle_train_istockphoto-51560173,Unknown,Unknown,164.25,172.07,14.59,0.0047,0.5218,upright,1.0,0.0,0.0,0.3026051800698042,44.385560268154855,0.0718532460226774,0.0282641649246215,44.385560268154855,56.43930237475559,lateral
istockphoto-518410968-612x612,train,90deg,kaggle_train_istockphoto-51841096,Unknown,Unknown,165.79,152.97,-17.35,0.0062,0.472,upright,1.0,0.0,0.0,0.2274302206933498,22.05872435492812,0.0161578342637271,0.0018253922462463,22.05872435492812,62.12009718246133,lateral
istockphoto-518873011-612x612,train,90deg,kaggle_train_istockphoto-51887301,Unknown,Unknown,159.06,178.5,0.53,0.0555,0.6198,upright,1.0,0.0,0.0,0.2386960387229919,48.0950449540436,0.0095947900090868,0.0485183000564575,48.0950449540436,35.868386093617794,lateral
istockphoto-523176152-612x612,train,90deg,kaggle_train_istockphoto-52317615,Unknown,Unknown,160.29,171.41,6.7,0.0436,0.3373,upright,1.0,0.0,0.0,0.3297669366002083,54.01993177942943,0.0504254674347508,0.0841439761252069,54.01993177942943,33.50378499148025,lateral
istockphoto-523623580-612x612,train,90deg,kaggle_train_istockphoto-52362358,Unknown,Unknown,168.24,169.97,-2.22,0.0174,0.355,upright,1.0,0.0,0.0,0.1588889323174953,38.16729087621321,0.0981277050124911,0.0338121056556701,38.16729087621321,48.31857089062333,lateral
istockphoto-531129925-612x612,train,90deg,kaggle_train_istockphoto-53112992,Unknown,Unknown,154.56,154.4,-1.09,0.0457,0.2971,upright,1.0,0.0,0.0,0.4179935753345489,47.11969894470994,0.0442317525374729,0.062074601650238,47.11969894470994,29.284958445402395,lateral
istockphoto-598056392-612x612,train,90deg,kaggle_train_istockphoto-59805639,Unknown,Unknown,167.42,175.32,-8.42,0.0041,0.3754,upright,1.0,0.0,0.0,0.2047159671783447,29.147340169177472,0.0162038636085108,0.0064628720283508,29.147340169177472,44.035713509221054,lateral
istockphoto-598154358-612x612,train,90deg,kaggle_train_istockphoto-59815435,Unknown,Unknown,165.56,174.7,11.55,0.0436,0.4463,upright,1.0,0.0,0.0,0.0068216621875762,57.86732077254735,0.063131747144663,0.0519998669624328,57.86732077254735,37.61277545485321,lateral
istockphoto-609033150-612x612,train,90deg,kaggle_train_istockphoto-60903315,Unknown,Unknown,149.89,157.76,53.61,0.1924,0.5145,forward_head,-1.0,0.0,0.0,0.4980803951621055,91.60544055239346,0.006162172163069,0.156588613986969,91.60544055239346,5.059741862679073,lateral
istockphoto-618202936-612x612,train,90deg,kaggle_train_istockphoto-61820293,Unknown,Unknown,161.42,178.3,11.28,0.0467,0.3449,upright,1.0,0.0,0.0,0.5594301819801331,43.7228638030396,0.0154581420770062,0.0667163853109235,43.7228638030396,41.15422846574271,lateral
istockphoto-621700672-612x612,train,90deg,kaggle_train_istockphoto-62170067,Unknown,Unknown,135.53,142.38,-29.82,0.0153,0.2397,slouch,1.0,0.0,0.0,0.132402054965496,38.30028167737917,0.0397941844184489,0.0214922726154327,38.30028167737917,45.47071915628968,lateral
istockphoto-628039392-612x612,train,90deg,kaggle_train_istockphoto-62803939,Unknown,Unknown,142.26,179.2,-13.98,0.0266,0.3792,upright,1.0,0.0,0.0,0.2147461920976638,49.87569870053984,0.0838844634108919,0.0491023063659668,49.87569870053984,39.17202752025802,lateral
istockphoto-637234260-612x612,train,90deg,kaggle_train_istockphoto-63723426,Unknown,Unknown,161.21,166.28,12.27,0.0899,0.5725,forward_head,1.0,0.0,0.0,-0.0139781832695007,64.96769782920704,0.0723227770001664,0.0692954957485199,64.96769782920704,28.91034306187321,lateral
istockphoto-638870228-612x612,train,90deg,kaggle_train_istockphoto-63887022,Unknown,Unknown,146.79,160.38,-9.14,0.0486,0.4045,upright,1.0,0.0,0.0,0.3103315085172653,44.15268183533828,0.0985378168048386,0.0682847198398634,44.15268183533828,38.73425078863256,lateral
istockphoto-641272538-612x612 (1),train,90deg,kaggle_train_istockphoto-64127253,Unknown,Unknown,166.53,160.89,28.72,0.1021,0.4497,upright,1.0,0.0,0.0,0.48275987803936,68.7267586334978,0.0777654774323734,0.1342149927646299,68.7267586334978,22.508375568055467,lateral
istockphoto-649625250-612x612,train,90deg,kaggle_train_istockphoto-64962525,Unknown,Unknown,128.77,152.28,25.02,0.1373,0.4334,slouch,-1.0,0.0,0.0,0.2339749857783317,132.76075681090006,0.0176758251399579,0.0502103567123413,132.76075681090006,-26.609315516138853,lateral
istockphoto-650466556-612x612,train,90deg,kaggle_train_istockphoto-65046655,Unknown,Unknown,165.28,167.53,24.78,0.0636,0.3508,forward_head,1.0,0.0,0.0,0.3162400275468826,61.58560897775703,0.0131398704383457,0.0661607167077442,61.58560897775703,22.218082455090236,lateral
istockphoto-73505451-612x612,train,90deg,kaggle_train_istockphoto-73505451,Unknown,Unknown,168.41,175.65,13.56,0.0596,0.5822,upright,1.0,0.0,0.0,0.2386086285114288,49.2306573426033,0.0382780509566206,0.0811980773355358,49.2306573426033,31.707551197228625,lateral
istockphoto-813068712-612x612,train,90deg,kaggle_train_istockphoto-81306871,Unknown,Unknown,176.64,144.49,8.16,0.0241,0.2717,upright,1.0,0.0,0.0,0.1280388832092285,52.66216999364647,0.00752099787052,0.0123730301856994,52.66216999364647,45.59855719169077,lateral
istockphoto-813102934-612x612,train,90deg,kaggle_train_istockphoto-81310293,Unknown,Unknown,145.9,172.77,-7.86,0.0569,0.5381,upright,1.0,0.0,0.0,0.2322570905089378,43.432574994404256,0.066072276148969,0.053890436887741,43.432574994404256,41.94798475867479,lateral
istockphoto-861766326-612x612,train,90deg,kaggle_train_istockphoto-86176632,Unknown,Unknown,173.35,149.61,37.21,0.0997,0.4538,forward_head,1.0,0.0,0.0,0.3429795727133751,51.901029962572274,0.0245646745896514,0.0877221226692199,51.901029962572274,30.188687869139503,lateral
istockphoto-874810634-612x612,train,90deg,kaggle_train_istockphoto-87481063,Unknown,Unknown,143.01,177.94,-12.31,0.0381,0.4847,upright,1.0,0.0,0.0,0.1104636341333389,57.31032089028338,0.0724531043325452,0.0554230213165283,57.31032089028338,42.70550765255352,lateral
istockphoto-891010944-612x612,train,90deg,kaggle_train_istockphoto-89101094,Unknown,Unknown,142.8,170.48,8.8,0.135,0.6629,forward_head,1.0,0.0,0.0,0.2067132137017324,74.93602500685053,0.0862604456030911,0.122273564338684,74.93602500685053,14.54160733588391,lateral
istockphoto-90288313-612x612 (1),train,90deg,kaggle_train_istockphoto-90288313,Unknown,Unknown,170.5,159.31,6.03,0.0148,0.4597,upright,1.0,0.0,0.0,0.2910391688346863,32.45681144963689,0.0368151919433822,0.0277707576751709,32.45681144963689,42.48330339184028,lateral
istockphoto-909803048-612x612,train,90deg,kaggle_train_istockphoto-90980304,Unknown,Unknown,170.34,157.83,9.3,0.0702,0.612,upright,1.0,0.0,0.0,0.2060201950371265,75.6565856848618,0.0681556862905057,0.0855727791786193,75.6565856848618,17.968040549059538,lateral
istockphoto-925382016-612x612,train,90deg,kaggle_train_istockphoto-92538201,Unknown,Unknown,178.12,166.7,0.08,0.0165,0.6188,upright,1.0,0.0,0.0,0.3431072533130646,42.67712964010102,0.0559991121602778,0.0521004796028137,42.67712964010102,35.58230267725998,lateral
istockphoto-931178568-612x612,train,90deg,kaggle_train_istockphoto-93117856,Unknown,Unknown,160.23,178.26,4.77,0.038,0.3676,upright,1.0,0.0,0.0,0.3443447053432464,42.98029494046912,0.0378325418545863,0.0579138696193695,42.98029494046912,49.86206808808089,lateral
jumping-old-school-fashioned-young-man-dancing-isolated-blue-studio_155003-34001,train,90deg,kaggle_train_jumping-old-school-f,Unknown,Unknown,168.81,153.39,0.62,0.0013,0.2739,upright,1.0,0.0,0.0,0.3192980289459228,41.34717214969927,0.0557474170014581,0.0132911205291748,41.34717214969927,38.06565701278519,lateral
kreslo-good-kresla-viking-11-black-dlya-rukovoditelya-cvet-chernyj,train,90deg,kaggle_train_kreslo-good-kresla-v,Unknown,Unknown,120.52,165.66,41.87,0.0178,0.4388,slouch,1.0,0.0,0.0,0.4602540954947471,13.394682758376522,0.0713091792170708,-0.0151992291212081,13.394682758376522,64.91752877122526,lateral
lady-sitting-with-laptop-legs-home_23-2147934498,train,90deg,kaggle_train_lady-sitting-with-la,Unknown,Unknown,161.93,170.21,-0.88,0.0341,0.4109,upright,1.0,0.0,0.0,0.4567273892462253,43.87677284866561,0.0426905403685682,0.1000206470489502,43.87677284866561,33.182716272371465,lateral
male-model-posing-sitting-chair-minimal-outfit-full-body_53876-102853,train,90deg,kaggle_train_male-model-posing-si,Unknown,Unknown,163.5,136.58,46.73,0.1211,0.4502,upright,1.0,0.0,0.0,-0.0192959606647491,74.9254156814798,0.06881081812036,0.1158426702022552,74.9254156814798,7.839460449058023,lateral
man-beachwear-showing-size-close-up_23-2147639730,train,90deg,kaggle_train_man-beachwear-showin,Unknown,Unknown,144.11,172.65,-0.86,0.0652,0.5677,upright,1.0,0.0,0.0,0.4404926747083664,47.86244894614087,0.0831593438263278,0.0858406424522399,47.86244894614087,45.47773078692573,lateral
man-black-shirt-looks-confident-flirtatious_144627-52345,train,90deg,kaggle_train_man-black-shirt-look,Unknown,Unknown,175.48,174.57,2.3,0.0301,0.7002,upright,1.0,0.0,0.0,0.3479190170764923,34.71638094066583,0.0278799272488492,0.0288599729537963,34.71638094066583,44.96948304127287,lateral
man-blue-high-neck-sweater-standing-straight-with-determined-assertive-expression-pose-white-background-no-emotions_176420-41941,train,90deg,kaggle_train_man-blue-high-neck-s,Unknown,Unknown,176.43,179.42,1.32,0.0183,0.7345,upright,1.0,0.0,0.0,0.4159855395555496,33.84610635257292,0.0030524535458264,0.0367884635925293,33.84610635257292,50.54600334116537,lateral
man-doing-wall-stand-fitness-exercise_23-2148538331,train,90deg,kaggle_train_man-doing-wall-stand,Unknown,Unknown,171.76,174.76,2.84,0.0279,0.4527,upright,1.0,0.0,0.0,0.195731870830059,42.324021896246,0.0879453710633443,0.0345538854598999,42.324021896246,49.53920805224185,lateral
man-looking-sein-beach-daytime-looking-thoughtful_176474-4938,train,90deg,kaggle_train_man-looking-sein-bea,Unknown,Unknown,164.25,179.16,3.5,0.0377,0.4398,upright,0.3826552769898394,30.205005204435125,31.12873060901665,-0.080584519659169,-46.46959459939263,0.0978144060030757,0.0,0.0,0.0,oblique
man-meditating-yoga-mat_23-2148234115,train,90deg,kaggle_train_man-meditating-yoga-,Unknown,Unknown,170.58,169.15,-0.93,0.0039,0.3532,upright,1.0,0.0,0.0,0.3212918043136596,30.774956718301187,0.0092299277063885,0.030502051115036,30.774956718301187,52.4501150859113,lateral
man-sitting-floor-with-crossed-legs_1187-2328,train,90deg,kaggle_train_man-sitting-floor-wi,Unknown,Unknown,158.89,152.41,-20.04,0.0078,0.4426,upright,1.0,0.0,0.0,0.3329096287488937,33.28258436262467,0.0163092229069554,0.0146959424018859,33.28258436262467,52.37488486992103,lateral
man-standing-blurred-background_410324-80,train,90deg,kaggle_train_man-standing-blurred,Unknown,Unknown,114.38,177.12,21.93,0.1694,0.3949,slouch,1.0,0.0,0.0,0.3445823788642883,83.75257228239279,0.1198281373520977,0.1740206480026245,83.75257228239279,10.615971032547773,lateral
man-wearing-waistcoat-pointing-front_1368-2948,train,90deg,kaggle_train_man-wearing-waistcoa,Unknown,Unknown,169.98,177.96,0.03,0.0221,0.571,upright,1.0,0.0,0.0,-0.1393511593341827,46.59840804732262,0.0256771319825231,0.0347857475280761,46.59840804732262,47.902047826183896,lateral
man-with-beard-uniting-his-hands-praying-asking-something_144627-61078,train,90deg,kaggle_train_man-with-beard-uniti,Unknown,Unknown,179.12,178.98,0.07,0.0013,0.6881,upright,1.0,0.0,0.0,0.3177660405635834,21.06870850933881,0.0079679458408222,0.0038902461528778,21.06870850933881,59.81825968232476,lateral
man-with-tattoos-having-cup-coffee-coffee-shop_23-2149052891,train,90deg,kaggle_train_man-with-tattoos-hav,Unknown,Unknown,168.06,163.63,13.92,0.0591,0.3978,upright,1.0,0.0,0.0,0.1535043767653405,70.5133655148764,0.0663544303003877,0.0674718022346496,70.5133655148764,23.454424229111705,lateral
medium-shot-man-stretching-nature_23-2149436721,train,90deg,kaggle_train_medium-shot-man-stre,Unknown,Unknown,160.37,170.39,1.51,0.0375,0.5266,upright,1.0,0.0,0.0,0.0412684082984924,37.939204432820745,0.172972458177899,0.0799756646156311,37.939204432820745,50.12496814829733,lateral
medium-shot-woman-posing-studio_23-2149093404,train,90deg,kaggle_train_medium-shot-woman-po,Unknown,Unknown,134.41,173.93,10.32,0.1584,0.6273,slouch,1.0,0.0,0.0,0.6279843598604202,69.9927082837321,0.0794910981066471,0.2078581154346466,69.9927082837321,24.512854148128262,lateral
medium-shot-woman-stretching-outdoors_23-2149436745,train,90deg,kaggle_train_medium-shot-woman-st,Unknown,Unknown,157.11,174.92,5.46,0.0809,0.7675,upright,1.0,0.0,0.0,0.3047538846731186,62.194706345013486,0.0832954674241648,0.125276118516922,62.194706345013486,33.45164792777871,lateral
medium-shot-woman-traveling_23-2148927258,train,90deg,kaggle_train_medium-shot-woman-tr,Unknown,Unknown,174.68,179.51,1.68,0.02,0.6075,upright,1.0,0.0,0.0,0.1353318691253662,36.572686660157736,0.0321689124471147,0.0255359262228012,36.572686660157736,32.98492463027124,lateral
modern-senior-man-with-vintage-radio_23-2148001221,train,90deg,kaggle_train_modern-senior-man-wi,Unknown,Unknown,167.8,175.75,1.09,0.0207,0.3317,upright,1.0,0.0,0.0,0.3025311827659607,36.13806189740741,0.0583456802407138,0.051259309053421,36.13806189740741,38.25981555850939,lateral
picture-good-looking-man-model-holding-hands-together-with-closed-eyes_144627-60895,train,90deg,kaggle_train_picture-good-looking,Unknown,Unknown,176.2,173.3,-0.44,0.0006,0.6865,upright,1.0,0.0,0.0,0.2000178396701812,27.097628390838167,0.0713585745750062,0.0261150002479553,27.097628390838167,59.20133296664837,lateral
playful-woman-reading-book-chair_23-2147848220,train,90deg,kaggle_train_playful-woman-readin,Unknown,Unknown,162.27,146.62,-7.42,0.0279,0.3395,upright,1.0,0.0,0.0,0.259540993720293,51.250875040804345,0.0398134532729765,0.051178902387619,51.250875040804345,36.447610460497934,lateral
portrait-fashionable-boy-posing_23-2148184662,train,90deg,kaggle_train_portrait-fashionable,Unknown,Unknown,134.36,168.55,1.67,0.0813,0.4738,slouch,1.0,0.0,0.0,0.2498863339424133,54.3373264939781,0.1105016300073987,0.1266961693763733,54.3373264939781,40.46452610023409,lateral
portrait-handsome-young-businessman_158595-232,train,90deg,kaggle_train_portrait-handsome-yo,Unknown,Unknown,170.48,177.64,5.06,0.0396,0.5732,upright,1.0,0.0,0.0,0.5212173163890839,46.22462408901139,0.1034584299396498,0.1354381144046783,46.22462408901139,45.46342769698975,lateral
portrait-young-shirtless-sportsman-warming-up-before-jogging_171337-14880,train,90deg,kaggle_train_portrait-young-shirt,Unknown,Unknown,174.13,179.13,-3.34,0.001,0.2876,upright,1.0,0.0,0.0,0.1724149584770202,35.76068025189714,0.0257518571854178,0.0127583742141723,35.76068025189714,56.78996902856857,lateral
pretty-young-woman-with-fairytale-face-features-with-city-lights_158595-4499,train,90deg,kaggle_train_pretty-young-woman-w,Unknown,Unknown,179.09,179.8,1.16,0.0057,0.5381,upright,1.0,0.0,0.0,0.2404347527772188,29.350378294372774,0.0336046387128295,0.0129648149013519,29.350378294372774,58.03461027356269,lateral
profile-shocked-guy-gasping-cover-mouth-with-hand-staring-left_176420-19007,train,90deg,kaggle_train_profile-shocked-guy-,Unknown,Unknown,178.56,178.81,1.36,0.0102,0.7131,upright,1.0,0.0,0.0,0.215052381157875,30.95296213379808,0.0497283911597342,0.0146246552467346,30.95296213379808,60.4212841024593,lateral
profile-shot-young-stylish-blond-woman-glasses-holding-smartphone-near-mouth-talking-speaker-recording-voicemessage-white-background-with-bossy-serious-looking-focused-look_176420-34844,train,90deg,kaggle_train_profile-shot-young-s,Unknown,Unknown,169.39,176.29,0.65,0.0276,0.6815,upright,1.0,0.0,0.0,0.1569612622261047,41.34900829017912,0.1096645873978705,0.0678887367248535,41.34900829017912,52.15280531587469,lateral
profile-studio-shot-attractive-young-modern-hipster-guy-brown-stylish-tshirt-standing-line-buy-coffee-waiting-someone-as-looking-left-casually-no-emotions-standing-white-background_176420-,train,90deg,kaggle_train_profile-studio-shot-,Unknown,Unknown,172.6,177.24,2.02,0.0287,0.7728,upright,1.0,0.0,0.0,0.3529418110847473,36.443287695980594,0.0194223511750741,0.0511857271194458,36.443287695980594,49.20759602335113,lateral
profile-view-man-holding-drinking-coffee_144627-62980,train,90deg,kaggle_train_profile-view-man-hol,Unknown,Unknown,156.7,176.25,1.22,0.0738,0.7081,forward_head,1.0,0.0,0.0,0.3637139648199081,45.46381351225427,0.0106642715427916,0.0578257739543914,45.46381351225427,41.46361481949322,lateral
relaxed-man-watching-lake_1153-1432,train,90deg,kaggle_train_relaxed-man-watching,Unknown,Unknown,170.95,177.12,0.26,0.0206,0.5149,upright,1.0,0.0,0.0,0.0895867347717285,49.49020509056074,0.0604493963891318,0.0425804704427719,49.49020509056074,32.23131490785934,lateral
sad-contemplative-man-sitting-by-lake_23-2150516221,train,90deg,kaggle_train_sad-contemplative-ma,Unknown,Unknown,177.02,121.04,30.8,0.0734,0.244,upright,1.0,0.0,0.0,0.2573644667863846,67.65293724824619,0.0270105483137008,0.074893057346344,67.65293724824619,22.999822588832217,lateral
sensual-woman-with-book-chair_23-2147848221,train,90deg,kaggle_train_sensual-woman-with-b,Unknown,Unknown,165.2,155.96,11.57,0.015,0.3436,upright,1.0,0.0,0.0,0.1334569454193115,34.64315218148877,0.0105841525299997,0.0220508277416229,34.64315218148877,56.19484916790312,lateral
serious-mid-adult-male-athlete-stretching-leg_1262-5540,train,90deg,kaggle_train_serious-mid-adult-ma,Unknown,Unknown,165.17,173.45,9.37,0.0445,0.4783,upright,1.0,0.0,0.0,0.1620255187153816,54.15776805633735,0.0403905164731139,0.0562232136726379,54.15776805633735,32.61597941099402,lateral
side-view-concentrated-man-looking-up_1149-1478,train,90deg,kaggle_train_side-view-concentrat,Unknown,Unknown,173.22,175.93,8.88,0.0204,0.3457,upright,1.0,0.0,0.0,0.3725219964981079,8.572806204188085,0.0867918680692973,-0.0384092330932617,8.572806204188085,63.0549866419372,lateral
side-view-curly-haired-man-with-brown-blouse-posing-chair_23-2148892073,train,90deg,kaggle_train_side-view-curly-hair,Unknown,Unknown,161.31,136.19,19.0,0.0343,0.3368,upright,1.0,0.0,0.0,0.1332257688045501,53.245498873416665,0.0180654305472339,0.0407664775848388,53.245498873416665,43.170965951745,lateral
side-view-elder-man-resting-while-admiring-beach-view_23-2148641980,train,90deg,kaggle_train_side-view-elder-man-,Unknown,Unknown,156.94,171.19,8.94,0.0304,0.1888,upright,1.0,0.0,0.0,0.2474575713276863,60.62837908332778,0.0271910697916884,0.0431754291057586,60.62837908332778,28.356693296200973,lateral
side-view-goth-teenager-posing-studio_23-2150501591,train,90deg,kaggle_train_side-view-goth-teena,Unknown,Unknown,149.19,177.93,-6.3,0.0421,0.5246,upright,1.0,0.0,0.0,0.4204868972301483,37.749671081554936,0.0305183261111244,0.0724117457866668,37.749671081554936,41.395637819901786,lateral
side-view-guy-with-headphones-talking-phone_23-2148329028,train,90deg,kaggle_train_side-view-guy-with-h,Unknown,Unknown,159.79,178.58,2.38,0.0625,0.6606,upright,1.0,0.0,0.0,0.2529908716678619,57.891386596690566,0.0575408139732373,0.0782662630081176,57.891386596690566,27.63064912845525,lateral
side-view-male-ballet-dancer-posing-window_23-2148496737,train,90deg,kaggle_train_side-view-male-balle,Unknown,Unknown,172.37,171.36,8.87,0.0252,0.3407,upright,1.0,0.0,0.0,0.3020683298818767,35.45712323890973,0.0290477747746596,0.0280140340328216,35.45712323890973,46.13012530383097,lateral
side-view-man-jogging-beach_23-2148739347,train,90deg,kaggle_train_side-view-man-joggin,Unknown,Unknown,166.73,178.45,3.78,0.0399,0.5176,upright,1.0,0.0,0.0,0.1235933452844619,39.42401808906296,0.0304822587746433,0.0343952775001525,39.42401808906296,28.64852565780364,lateral
side-view-man-practicing-yoga_23-2151406447,train,90deg,kaggle_train_side-view-man-practi,Unknown,Unknown,165.27,168.16,0.34,0.0545,0.6386,upright,1.0,0.0,0.0,0.6974928975105286,34.716366161677854,0.0679516636970215,0.0936722159385681,34.716366161677854,51.12180343756937,lateral
side-view-man-sitting-by-river_23-2149882325,train,90deg,kaggle_train_side-view-man-sittin,Unknown,Unknown,169.48,119.69,19.96,0.0485,0.2405,upright,1.0,0.0,0.0,0.2945862486958504,24.51522803831993,0.0209290839770433,0.034126341342926,24.51522803831993,38.01936437490832,lateral
side-view-man-stretching-grass_23-2148694200,train,90deg,kaggle_train_side-view-man-stretc,Unknown,Unknown,169.46,149.23,13.45,0.0824,0.5497,forward_head,1.0,0.0,0.0,0.1860487461090088,59.93872711123305,0.0290621230014503,0.0568501651287078,59.93872711123305,32.62100060019043,lateral
side-view-man-writing-notebook_23-2150170336,train,90deg,kaggle_train_side-view-man-writin,Unknown,Unknown,133.51,179.79,3.23,0.099,0.4743,slouch,1.0,0.0,0.0,0.3304007779806852,54.7406290924428,0.1343886569652674,0.1262629628181457,54.7406290924428,41.22169031119875,lateral
side-view-mysterious-woman-posing_23-2149551264,train,90deg,kaggle_train_side-view-mysterious,Unknown,Unknown,162.56,142.87,12.13,0.1199,0.5503,upright,1.0,0.0,0.0,0.4906621351838112,56.98851045315406,0.097067487920554,0.1372351050376892,56.98851045315406,28.35593296758732,lateral
side-view-smiling-young-woman-running-railing-winter_23-2147905435,train,90deg,kaggle_train_side-view-smiling-yo,Unknown,Unknown,170.3,177.19,2.88,0.0125,0.2809,upright,1.0,0.0,0.0,0.0853187143802642,44.45156172916165,0.0278886131970579,0.0234814584255218,44.45156172916165,26.21629515830041,lateral
side-view-woman-enjoying-walk-by-beach_23-2148629774,train,90deg,kaggle_train_side-view-woman-enjo,Unknown,Unknown,161.45,178.57,4.78,0.0259,0.2534,upright,1.0,0.0,0.0,0.1431999132037162,47.69075521736876,0.0069573220384007,0.027130126953125,47.69075521736876,26.962147722704977,lateral
side-view-woman-posing-sunset-beach_23-2148614818,train,90deg,kaggle_train_side-view-woman-posi,Unknown,Unknown,164.32,166.48,-1.08,0.0125,0.3813,upright,,,,,,,,,,
sideways-man-meditating-medium-shot_23-2148234112,train,90deg,kaggle_train_sideways-man-meditat,Unknown,Unknown,156.0,150.77,-2.27,0.0257,0.758,upright,1.0,0.0,0.0,0.6087855696678162,21.78210387045291,0.0361519045954421,0.0168698132038116,21.78210387045291,58.73667274166304,lateral
slim-female-black-dress-sitting-white-room_613910-10540,train,90deg,kaggle_train_slim-female-black-dr,Unknown,Unknown,167.71,155.24,12.04,0.0429,0.631,upright,1.0,0.0,0.0,0.0128829777240753,57.31200566884555,0.0752995875691502,0.0665411949157714,57.31200566884555,35.58289494705239,lateral
smiling-young-man-sitting-mountain-peak-looking-cityscape_23-2148182885,train,90deg,kaggle_train_smiling-young-man-si,Unknown,Unknown,171.24,159.08,5.18,0.0427,0.396,upright,1.0,0.0,0.0,0.1687144264578819,38.52448606489526,0.0415248051168578,0.0171666145324707,38.52448606489526,50.23727217339509,lateral
smiling-young-woman-standing-balcony-holding-coffee-cup_23-2148161178,train,90deg,kaggle_train_smiling-young-woman-,Unknown,Unknown,169.82,169.82,-3.83,0.0,0.296,upright,1.0,0.0,0.0,0.3193730413913727,32.85214319666275,0.0097084556556697,0.0293685793876647,32.85214319666275,49.3100920155792,lateral
sporty-asian-woman-doing-quad-stretch-outdoor_1098-20259,train,90deg,kaggle_train_sporty-asian-woman-d,Unknown,Unknown,142.37,120.49,12.75,0.0286,0.2809,upright,1.0,0.0,0.0,0.1980690658092498,42.36134194174843,0.0257385215499032,0.0553195178508758,42.36134194174843,38.35320426773135,lateral
sporty-man-training-street_23-2147755418,train,90deg,kaggle_train_sporty-man-training-,Unknown,Unknown,137.53,171.11,19.59,0.0589,0.2172,slouch,1.0,0.0,0.0,0.2884398028254509,67.87116177417238,0.023788186163889,0.0518792867660522,67.87116177417238,21.858671043415576,lateral
surfer-walking-alongside-ocean_23-2148823813,train,90deg,kaggle_train_surfer-walking-along,Unknown,Unknown,156.15,174.4,7.41,0.0448,0.3478,upright,1.0,0.0,0.0,0.1190002411603927,47.74387135561209,0.0368396536165009,0.0445952415466308,47.74387135561209,41.47003889573142,lateral
tired-office-worker-having-ache_23-2147768378,train,90deg,kaggle_train_tired-office-worker-,Unknown,Unknown,116.69,166.23,6.64,0.0691,0.2625,slouch,1.0,0.0,0.0,0.2841955162584781,65.73588664430771,0.053969062769571,0.0774486064910888,65.73588664430771,18.45409627986373,lateral
vertical-photo-young-lady-doing-her-exercises-park-high-quality-photo_114579-92115,train,90deg,kaggle_train_vertical-photo-young,Unknown,Unknown,167.84,135.02,44.93,0.0801,0.3426,forward_head,1.0,0.0,0.0,0.196415476500988,23.71426909293775,0.1152776477779256,0.0111068487167358,23.71426909293775,56.5742540756052,lateral
vertical-shot-woman-wearing-hat-with-sea_181624-33318,train,90deg,kaggle_train_vertical-shot-woman-,Unknown,Unknown,167.29,176.3,5.54,0.0329,0.3515,upright,,,,,,,,,,
woman-home_144627-44949,train,90deg,kaggle_train_woman-home_144627-44,Unknown,Unknown,143.93,175.27,17.33,0.1644,0.6188,upright,1.0,0.0,0.0,0.2488844394683838,58.38622297994094,0.1501690189795871,0.1809298396110534,58.38622297994094,31.280092557698712,lateral
woman-looks-boats-yachts-marina-harbor-rests-near-water-bay-weekends-dreams-about-voyage-wears-sweatshirt-poses-outdoors_273609-54671,train,90deg,kaggle_train_woman-looks-boats-ya,Unknown,Unknown,179.72,177.44,6.71,0.0257,0.6829,upright,1.0,0.0,0.0,0.2049304246902465,53.60980438626143,0.0228824632025463,0.0633508265018463,53.60980438626143,28.45758284304952,lateral
woman-pajamas-sitting-with-laptop-headphones_23-2147934502,train,90deg,kaggle_train_woman-pajamas-sittin,Unknown,Unknown,153.01,178.69,4.79,0.049,0.3825,upright,1.0,0.0,0.0,0.3512100577354431,52.110264684093785,0.0648363110331618,0.0910601615905761,52.110264684093785,31.120014847481844,lateral
woman-stretching_23-2149374669,train,90deg,kaggle_train_woman-stretching_23-,Unknown,Unknown,139.76,157.33,37.93,0.1148,0.4728,slouch,-1.0,0.0,0.0,0.2707603685557842,96.60015035899389,0.0348197766539261,0.1208171546459198,96.60015035899389,-3.578114268237755,lateral
woman-wit-prosthetic-leg-doing-yoga_23-2149722174,train,90deg,kaggle_train_woman-wit-prosthetic,Unknown,Unknown,170.38,156.01,21.42,0.0919,0.5123,forward_head,1.0,0.0,0.0,0.2013457491993904,56.24718604548399,0.0225152360125687,0.047172337770462,56.24718604548399,33.344340468128365,lateral
young-adult-man-with-long-hair-wearing-goth-style-with-black-clothes-looking-side-relax-profile-pose-with-natural-face-confident-smile_839833-21150,train,90deg,kaggle_train_young-adult-man-with,Unknown,Unknown,170.65,178.86,1.58,0.0297,0.6422,upright,1.0,0.0,0.0,0.3354981541633606,39.51571609040555,0.0080863324218702,0.0580067038536071,39.51571609040555,33.95815514751978,lateral
young-adult-spending-time-together-city_23-2149489741,train,90deg,kaggle_train_young-adult-spending,Unknown,Unknown,172.01,169.62,2.08,0.0214,0.4112,upright,1.0,0.0,0.0,0.1484809517860412,38.61124131643789,0.0246843591752136,0.0410668551921844,38.61124131643789,52.41820919698558,lateral
young-african-man-smiling-listening-streaming-music-wired-headphones-white-wall-usual-idler-his-twenties_176420-12642,train,90deg,kaggle_train_young-african-man-sm,Unknown,Unknown,171.37,176.98,0.44,0.018,0.5957,upright,1.0,0.0,0.0,0.1366879045963287,37.26608166603062,0.0589835789608751,0.0433082282543182,37.26608166603062,56.253310693368256,lateral
young-beautiful-girl-studio-fashion-portrait_1328-2184,train,90deg,kaggle_train_young-beautiful-girl,Unknown,Unknown,140.66,154.69,12.25,0.0505,0.2685,upright,1.0,0.0,0.0,0.22171501070261,47.37101171414376,0.0685726284765287,0.058850347995758,47.37101171414376,42.425532484697605,lateral
young-beautiful-woman-nature-with-camera_23-2148877539,train,90deg,kaggle_train_young-beautiful-woma,Unknown,Unknown,157.17,177.1,-0.78,0.0157,0.2145,upright,1.0,0.0,0.0,0.160061065107584,56.56091744803182,0.0450622462309596,0.0430651307106018,56.56091744803182,25.85920190350115,lateral
young-girl-standing-straight-while-posing-beige-top-black-pants-looking-serious-front-view_176474-42597,train,90deg,kaggle_train_young-girl-standing-,Unknown,Unknown,168.51,168.86,1.34,0.0252,0.6784,upright,1.0,0.0,0.0,0.2819114476442337,41.79635783850773,0.0606683624019185,0.053248256444931,41.79635783850773,37.458720683387234,lateral
young-girl-with-book-sitting-pier_335224-939,train,90deg,kaggle_train_young-girl-with-book,Unknown,Unknown,172.39,169.88,-1.22,0.0186,0.4754,upright,1.0,0.0,0.0,0.1696256026625633,39.73133799363132,0.057728096991719,0.0291908681392669,39.73133799363132,50.82504265472009,lateral
young-girl-with-hand-head-putting-hand-hip-beige-shirt-jeans-looking-cute-front-view_176474-111582,train,90deg,kaggle_train_young-girl-with-hand,Unknown,Unknown,172.89,173.35,-1.43,0.0043,0.5645,upright,1.0,0.0,0.0,0.2360857054591179,41.34890347853537,0.0790706763793121,0.0384521484375,41.34890347853537,38.61749706930628,lateral
young-guy-looking-afar-beside-lake_23-2148314311,train,90deg,kaggle_train_young-guy-looking-af,Unknown,Unknown,168.36,163.58,-9.87,0.008,0.5544,upright,1.0,0.0,0.0,0.3382954485714435,20.886337209580528,0.0436244425594774,0.0141282081604003,20.886337209580528,50.854534767804346,lateral
young-handsome-man-wearing-casual-clothes-looking-side-relax-profile-pose-with-natural-face-with-confident-smile_839833-24232,train,90deg,kaggle_train_young-handsome-man-w,Unknown,Unknown,174.49,179.16,2.47,0.0224,0.6656,upright,1.0,0.0,0.0,0.3469964414834976,36.533731469659664,0.0052868981589451,0.0370513498783111,36.533731469659664,49.15422720061857,lateral
young-japanese-man-blue-sweater_23-2149010081,train,90deg,kaggle_train_young-japanese-man-b,Unknown,Unknown,177.98,179.74,0.2,0.005,0.5149,upright,1.0,0.0,0.0,0.1513802111148834,36.43662581021845,0.0255085264400761,0.0271425247192382,36.43662581021845,47.95998071463398,lateral
young-lady-clasping-hands-praying-gesture-singlet-skirt-looking-dreamy_176474-51365,train,90deg,kaggle_train_young-lady-clasping-,Unknown,Unknown,171.08,171.18,-2.13,0.0035,0.6275,upright,1.0,0.0,0.0,0.1636199653148651,30.11684853602569,0.0511088954588937,0.0272348523139953,30.11684853602569,51.353700822973735,lateral
young-male-warning-someone-with-finger-gesture-grey-t-shirt-looking-nervous_176474-11256,train,90deg,kaggle_train_young-male-warning-s,Unknown,Unknown,149.18,176.59,8.04,0.1034,0.71,forward_head,1.0,0.0,0.0,0.2916984558105469,65.30385994629108,0.0746765812499753,0.1107674837112426,65.30385994629108,24.595036522907662,lateral
young-male-white-shirt-pants-holding-folder-looking-handsome_176474-17188,train,90deg,kaggle_train_young-male-white-shi,Unknown,Unknown,175.73,178.82,2.21,0.0146,0.4938,upright,1.0,0.0,0.0,0.1503695845603943,43.227438754527945,0.0307031296866188,0.0253546237945556,43.227438754527945,41.96304588391043,lateral
young-man-dancing_155003-7942,train,90deg,kaggle_train_young-man-dancing_15,Unknown,Unknown,145.01,147.42,48.59,0.1403,0.3119,forward_head,1.0,0.0,0.0,0.3138816356658935,-45.78900079474182,0.017754224012358,-0.1291857957839965,-45.78900079474182,171.4702919301834,lateral
young-serious-retro-man-holding-typewriter_171337-9958,train,90deg,kaggle_train_young-serious-retro-,Unknown,Unknown,173.06,177.8,2.54,0.0144,0.3799,upright,1.0,0.0,0.0,0.215767883695662,39.00625690788991,0.0193485480876402,0.027827113866806,39.00625690788991,51.59782065005705,lateral
young-successful-businessman-walking-around-sunny-city_176420-42386,train,90deg,kaggle_train_young-successful-bus,Unknown,Unknown,176.93,171.53,6.16,0.0181,0.5145,upright,1.0,0.0,0.0,0.0867489874362945,35.80894719043502,0.065017197569801,0.0309294462203979,35.80894719043502,42.55051742156293,lateral
young-woman-with-defect-bearing_1385-1922,train,90deg,kaggle_train_young-woman-with-def,Unknown,Unknown,159.33,176.29,3.72,0.0535,0.5556,upright,1.0,0.0,0.0,0.3251345306634903,47.40785038053856,0.0057432964580015,0.0547797083854675,47.40785038053856,36.86787688694058,lateral
young-woman-with-skateboard_23-2148937856,train,90deg,kaggle_train_young-woman-with-ska,Unknown,Unknown,159.49,155.03,36.49,0.1347,0.4105,forward_head,1.0,0.0,0.0,0.4536255875136703,62.77844218243938,0.0345816013937982,0.1121459007263183,62.77844218243938,7.040647847823174,lateral
00e9db1b2a8bf5e7dfaa24555a3e7def,val,90deg,kaggle_val_00e9db1b2a8bf5e7dfaa,Unknown,Unknown,173.84,176.9,6.88,0.0247,0.3258,upright,1.0,0.0,0.0,0.375441700220108,42.36937583896528,0.0114897888443824,0.0485811953670467,42.36937583896528,47.172081971003,lateral
0955b44c-782e-4106-8f55-30f172d10f6e,val,90deg,kaggle_val_0955b44c-782e-4106-8,Unknown,Unknown,173.45,177.36,0.55,0.0121,0.3696,upright,1.0,0.0,0.0,0.3694090247154236,38.50591256396488,0.0088741191496034,0.032682716846466,38.50591256396488,47.34986191654545,lateral
4c152a217a8fbf6cf34fa878f1726daa,val,90deg,kaggle_val_4c152a217a8fbf6cf34f,Unknown,Unknown,152.23,179.77,6.57,0.0924,0.5864,forward_head,1.0,0.0,0.0,0.2152279317378997,65.61978801109036,0.0566135668485931,0.0949854552745819,65.61978801109036,23.42560401582715,lateral
92 (1),val,90deg,kaggle_val_92 (1),Unknown,Unknown,174.21,167.64,0.04,0.0006,0.7739,upright,1.0,0.0,0.0,0.5930498540401459,34.023893092472875,0.061666169994074,0.0679984172853101,34.023893092472875,56.37366212471151,lateral
barbar_3,val,90deg,kaggle_val_barbar_3,Unknown,Unknown,168.12,154.11,7.66,0.0432,0.3546,upright,1.0,0.0,0.0,0.3048767447471618,40.29787260264907,0.0087131552799447,0.0366297960281372,40.29787260264907,33.978330649440885,lateral
beautiful-fashion-woman-posing-with-elegant-suit_1328-3302,val,90deg,kaggle_val_beautiful-fashion-wo,Unknown,Unknown,151.92,177.7,-7.42,0.0379,0.5342,upright,1.0,0.0,0.0,0.5980159640312195,39.37364717418675,0.0146779694378857,0.0716265738010406,39.37364717418675,35.964541537941535,lateral
beautiful-girl-home_144627-22364,val,90deg,kaggle_val_beautiful-girl-home_,Unknown,Unknown,150.38,165.57,7.56,0.0516,0.2813,upright,1.0,0.0,0.0,0.1766987666487693,53.463639045252776,0.0629594625431994,0.0639825463294982,53.463639045252776,43.335338706599664,lateral
beautiful-young-woman_144627-13907,val,90deg,kaggle_val_beautiful-young-woma,Unknown,Unknown,154.96,157.64,-2.37,0.0206,0.6045,upright,,,,,,,,,,
blond-female-casual-cloth-walking-turning-aside_23-2147869621,val,90deg,kaggle_val_blond-female-casual-,Unknown,Unknown,178.53,172.27,6.1,0.0153,0.3136,upright,-0.0207469106605365,5.168883968728676,20.324275377789792,-0.1373844146728515,-92.75095842951376,0.0852947375004894,0.0,0.0,0.0,oblique
gorgeous-woman-sitting-thinking-with-her-eyes-closed-room-with-white-background-green-dress_176474-5607,val,90deg,kaggle_val_gorgeous-woman-sitti,Unknown,Unknown,162.17,160.98,10.17,0.0521,0.3571,upright,1.0,0.0,0.0,0.4241365380585193,19.97623815922204,0.0577061723032781,0.0247400999069213,19.97623815922204,42.00927940329104,lateral
handsome-man-dancing_1368-9669,val,90deg,kaggle_val_handsome-man-dancing,Unknown,Unknown,141.29,175.63,9.24,0.1031,0.5852,forward_head,1.0,0.0,0.0,0.4346281290054321,54.6672307758401,0.0715976621389665,0.1165488362312316,54.6672307758401,25.87063315049049,lateral
happy-woman-listening-music-with-earphones_144627-32915,val,90deg,kaggle_val_happy-woman-listenin,Unknown,Unknown,171.16,157.25,48.38,0.1371,0.4472,upright,1.0,0.0,0.0,0.4010909083299339,84.88133272497808,0.0895800156092211,0.1545637249946594,84.88133272497808,5.149182731514484,lateral
istockphoto-102285453-612x612,val,90deg,kaggle_val_istockphoto-10228545,Unknown,Unknown,137.08,157.49,-15.17,0.0388,0.289,slouch,1.0,0.0,0.0,0.1972662955522537,46.13926470518191,0.0262275940203854,0.0555327832698822,46.13926470518191,39.31389733364546,lateral
istockphoto-1167151973-612x612,val,90deg,kaggle_val_istockphoto-11671519,Unknown,Unknown,162.79,177.15,13.77,0.0094,0.4213,upright,1.0,0.0,0.0,0.4551663398742676,32.22251036650239,0.0621370037404861,0.0420066714286804,32.22251036650239,51.35314590867735,lateral
istockphoto-1173964706-612x612,val,90deg,kaggle_val_istockphoto-11739647,Unknown,Unknown,171.12,171.24,12.94,0.05,0.4555,upright,1.0,0.0,0.0,0.0786607861518859,49.169311275325605,0.0327055255627521,0.0513335466384887,49.169311275325605,28.76538501665304,lateral
istockphoto-1179592447-612x612,val,90deg,kaggle_val_istockphoto-11795924,Unknown,Unknown,170.02,171.82,31.95,0.0471,0.3812,upright,1.0,0.0,0.0,0.3260580450296402,17.510321361028495,0.048278942082667,-0.0024252872020876,17.510321361028495,59.12374133128146,lateral
istockphoto-1320577472-612x612,val,90deg,kaggle_val_istockphoto-13205774,Unknown,Unknown,171.27,174.83,9.54,0.0605,0.6677,forward_head,1.0,0.0,0.0,0.1068505346775055,52.48539598242293,0.0614783385811663,0.081973135471344,52.48539598242293,29.773749412377427,lateral
istockphoto-135385096-612x612,val,90deg,kaggle_val_istockphoto-13538509,Unknown,Unknown,166.2,155.63,13.23,0.0997,0.5831,forward_head,1.0,0.0,0.0,0.2011526376008987,59.57552488616192,0.0654481647185691,0.0992229580879211,59.57552488616192,22.364630830836063,lateral
istockphoto-1418213054-612x612,val,90deg,kaggle_val_istockphoto-14182130,Unknown,Unknown,164.12,173.47,-1.97,0.0134,0.35,upright,1.0,0.0,0.0,0.1372277736663818,41.03465736021983,0.0182397704103312,0.021346628665924,41.03465736021983,43.49603874085257,lateral
istockphoto-148273307-612x612,val,90deg,kaggle_val_istockphoto-14827330,Unknown,Unknown,163.56,169.83,4.72,0.0718,0.6772,upright,1.0,0.0,0.0,0.444414921104908,53.64278874253826,0.0218857255491529,0.0823093056678772,53.64278874253826,36.32475476798084,lateral
istockphoto-1493110226-612x612,val,90deg,kaggle_val_istockphoto-14931102,Unknown,Unknown,158.32,172.47,1.34,0.0282,0.34,upright,1.0,0.0,0.0,0.3936534225940704,34.707134353935935,0.0222834711210479,0.0445356369018554,34.707134353935935,37.51098699718196,lateral
istockphoto-171579951-612x612,val,90deg,kaggle_val_istockphoto-17157995,Unknown,Unknown,149.54,163.45,3.56,0.0788,0.4514,upright,1.0,0.0,0.0,0.1176799833774566,76.1285959702139,0.0788679914660648,0.1035150289535522,76.1285959702139,20.38613709671677,lateral
istockphoto-178174415-612x612,val,90deg,kaggle_val_istockphoto-17817441,Unknown,Unknown,170.31,177.04,-6.3,0.0024,0.3818,upright,1.0,0.0,0.0,0.1910823732614517,34.97386562036701,0.0295176548863336,0.0148941278457641,34.97386562036701,47.35195168921305,lateral
istockphoto-184641954-612x612,val,90deg,kaggle_val_istockphoto-18464195,Unknown,Unknown,171.29,177.89,18.67,0.058,0.4337,upright,1.0,0.0,0.0,0.3056546449661255,49.51940836243124,0.0493451795488713,0.0658433840825007,49.51940836243124,35.667285200730944,lateral
istockphoto-454420091-612x612,val,90deg,kaggle_val_istockphoto-45442009,Unknown,Unknown,171.26,170.84,-6.97,0.0051,0.4605,upright,1.0,0.0,0.0,0.1765564903616905,35.50124554568628,0.0589231454623053,0.0220536589622497,35.50124554568628,47.49633015148499,lateral
istockphoto-641272538-612x612,val,90deg,kaggle_val_istockphoto-64127253,Unknown,Unknown,172.92,174.12,19.0,0.0573,0.4049,upright,1.0,0.0,0.0,0.354456381755881,40.87342586425027,0.0154296162167962,0.0524416267871856,40.87342586425027,35.70447961503012,lateral
istockphoto-650466556-612x612 (1),val,90deg,kaggle_val_istockphoto-65046655,Unknown,Unknown,166.45,174.58,15.53,0.0357,0.2946,upright,1.0,0.0,0.0,0.2917644847184419,51.10701285566285,0.0284791113347781,0.0605691969394683,51.10701285566285,27.71699630286851,lateral
istockphoto-73505451-612x612 (1),val,90deg,kaggle_val_istockphoto-73505451,Unknown,Unknown,163.43,153.8,22.07,0.0592,0.682,upright,1.0,0.0,0.0,0.4810192584991455,41.43784930843532,0.0505035465759292,0.0830549775637112,41.43784930843532,32.19451886548653,lateral
istockphoto-850639558-640x640,val,90deg,kaggle_val_istockphoto-85063955,Unknown,Unknown,178.87,163.33,7.32,0.0388,0.5108,upright,1.0,0.0,0.0,0.1704680416733026,47.31426359142242,0.029741549431982,0.0407135486602783,47.31426359142242,28.743892113085725,lateral
istockphoto-875280610-612x612,val,90deg,kaggle_val_istockphoto-87528061,Unknown,Unknown,176.53,166.96,6.32,0.0298,0.606,upright,1.0,0.0,0.0,-0.0091674327850341,36.94128278966625,0.0650672091301614,0.0418761372566223,36.94128278966625,46.0246490234736,lateral
istockphoto-90288313-612x612,val,90deg,kaggle_val_istockphoto-90288313,Unknown,Unknown,156.27,161.62,14.67,0.1127,0.4913,forward_head,1.0,0.0,0.0,0.3917431160807609,49.97885058625959,0.036555928112492,0.081177532672882,49.97885058625959,37.556501578450266,lateral
istockphoto-920982208-612x612,val,90deg,kaggle_val_istockphoto-92098220,Unknown,Unknown,172.72,173.61,8.19,0.0454,0.5718,upright,1.0,0.0,0.0,0.2824357220670208,45.765121321939546,0.0171378309286603,0.049508512020111,45.765121321939546,34.92997883780175,lateral
istockphoto-959599552-612x612,val,90deg,kaggle_val_istockphoto-95959955,Unknown,Unknown,170.31,178.4,5.52,0.0444,0.6482,upright,1.0,0.0,0.0,0.1932335197925567,42.74260926759855,0.0332860509717194,0.0642410516738891,42.74260926759855,35.68388831929869,lateral
istockphoto-991893410-612x612,val,90deg,kaggle_val_istockphoto-99189341,Unknown,Unknown,164.77,172.61,25.01,0.0235,0.4133,upright,1.0,0.0,0.0,0.1807238608598709,43.4589797898214,0.0208278324080277,0.037789762020111,43.4589797898214,29.016667758145832,lateral
lateral-view-athletic-man-working-out-outside_23-2148375933,val,90deg,kaggle_val_lateral-view-athleti,Unknown,Unknown,164.46,172.68,3.04,0.0368,0.3768,upright,1.0,0.0,0.0,0.1649471744894981,37.06840964128424,0.0277378377815466,0.0279052853584289,37.06840964128424,39.54626419829947,lateral
lovely-female-stretching-side-view_23-2148347695,val,90deg,kaggle_val_lovely-female-stretc,Unknown,Unknown,173.44,176.43,-2.5,0.0022,0.4939,upright,1.0,0.0,0.0,0.1309032291173935,44.630537853846526,0.0564524916463074,0.0263018608093261,44.630537853846526,38.943604684963454,lateral
male-athlete-wearing-wireless-bluetooth-his-ear-holding-water-bottle-hand-looking-view_23-2148038153,val,90deg,kaggle_val_male-athlete-wearing,Unknown,Unknown,161.46,175.17,1.28,0.0355,0.5051,upright,1.0,0.0,0.0,0.1578558981418609,41.02860377951641,0.0284998440935966,0.0413160324096679,41.02860377951641,33.51100888846872,lateral
man-side-with-arms-crossed_1187-1903,val,90deg,kaggle_val_man-side-with-arms-c,Unknown,Unknown,179.64,177.87,0.72,0.0042,0.6502,upright,1.0,0.0,0.0,0.2318763732910156,22.95048307474105,0.0261391259862987,-0.0011217594146728,22.95048307474105,53.90006219810552,lateral
man-squatting-near-red-wall_23-2147755360,val,90deg,kaggle_val_man-squatting-near-r,Unknown,Unknown,177.51,145.08,32.14,0.0576,0.2787,upright,1.0,0.0,0.0,0.2026862651109695,49.32392804809741,0.0175256470679843,0.0324795246124267,49.32392804809741,20.767143900302603,lateral
profile-shot-friendly-handsome-young-male-model-earrings-holding-smartphone-hands-smiling-broadly-screen-being-satisfied-with-cute-message-from-friend_176420-24980,val,90deg,kaggle_val_profile-shot-friendl,Unknown,Unknown,171.83,174.5,2.7,0.0398,0.712,upright,1.0,0.0,0.0,0.1811605989933014,46.06936544333444,0.0418511995272202,0.0618793964385986,46.06936544333444,38.595966786299776,lateral
profile-young-businessman-white-collar-shirt-beige-pants-looking-left-standing-against-studio-background_1258-26590,val,90deg,kaggle_val_profile-young-busine,Unknown,Unknown,178.48,178.82,1.71,0.0107,0.695,upright,1.0,0.0,0.0,0.0790349543094635,28.949418877260115,0.0698153881784922,0.0147957801818847,28.949418877260115,57.20172640113173,lateral
sad-person-near-sea_52683-120762,val,90deg,kaggle_val_sad-person-near-sea_,Unknown,Unknown,161.74,159.42,-3.46,0.0527,0.6299,upright,1.0,0.0,0.0,0.1561363339424133,44.8609113887193,0.0752274779691588,0.0879529416561126,44.8609113887193,29.57177578640728,lateral
side-view-black-man-work_23-2149546206,val,90deg,kaggle_val_side-view-black-man-,Unknown,Unknown,136.99,173.92,5.93,0.1006,0.4844,slouch,1.0,0.0,0.0,0.411268413066864,53.03291592113847,0.0899082485050358,0.1301519870758056,53.03291592113847,36.53195435720659,lateral
side-view-delivery-man-with-cap-copy-space_23-2148382516,val,90deg,kaggle_val_side-view-delivery-m,Unknown,Unknown,179.04,154.53,-2.88,0.0117,0.5039,upright,1.0,0.0,0.0,0.2640875577926636,16.306246058480486,0.0200501562904307,-0.011936604976654,16.306246058480486,54.37240132169895,lateral
side-view-man-dealing-with-imposter-syndrome_23-2149692428,val,90deg,kaggle_val_side-view-man-dealin,Unknown,Unknown,174.39,146.75,12.44,0.0159,0.414,upright,1.0,0.0,0.0,0.2644126713275909,14.92510927107698,0.0034865136640264,-0.0105297565460205,14.92510927107698,65.29822878281803,lateral
sporty-man-resting-holding-bottle-water_23-2148375904,val,90deg,kaggle_val_sporty-man-resting-h,Unknown,Unknown,168.8,172.45,9.19,0.0393,0.3761,upright,1.0,0.0,0.0,0.1595550775527954,43.41631745771154,0.0436194281269985,0.0451018661260604,43.41631745771154,30.951704882791592,lateral
sporty-woman-practicing-her-balance_1163-77,val,90deg,kaggle_val_sporty-woman-practic,Unknown,Unknown,174.1,179.32,43.92,0.1019,0.4399,forward_head,1.0,0.0,0.0,0.4506108164787292,64.61483346804151,0.0210702573073579,0.1104652285575866,64.61483346804151,16.283701994996925,lateral
woman-practicing-yoga-outdoors_144627-23827,val,90deg,kaggle_val_woman-practicing-yog,Unknown,Unknown,172.69,156.17,25.34,0.0664,0.4035,upright,1.0,0.0,0.0,0.36262371763587,38.17198486880937,0.0308855593612595,0.0545116066932678,38.17198486880937,38.45339641509666,lateral
young-hispanic-girl-wearing-casual-white-t-shirt-looking-side-relax-profile-pose-with-natural-face-confident-smile_839833-17011,val,90deg,kaggle_val_young-hispanic-girl-,Unknown,Unknown,170.82,162.16,-0.11,0.0028,0.7673,upright,1.0,0.0,0.0,0.1936303377151489,31.5496355625291,0.045794272294506,0.0323433876037597,31.5496355625291,40.95292171791024,lateral
young-woman-doing-fitness-exercises_144627-15672,val,90deg,kaggle_val_young-woman-doing-fi,Unknown,Unknown,163.37,131.0,49.25,0.0827,0.498,forward_head,1.0,0.0,0.0,0.4049203172326088,25.16888306005061,0.0590405892468818,-0.0060962438583374,25.16888306005061,60.72575432180356,lateral
