frame_idx,timestamp,subject_id,somatotype,bmi_category,label,h2s_ratio,shoulder_tilt_deg,head_roll_deg,forward_head_z,neck_flexion_deg,shoulder_width_norm,is_valid
0,0.0,Participant1_RS_SlUp,Mesomorph,Normal,upright,1.0,0.0,0.0,-0.2591152622958661,17.967791594043977,0.22206733310126345,1
1,0.016666666666666666,Participant1_RS_SlUp,Mesomorph,Normal,upright,1.0,0.0,0.0,-0.2590451127992903,17.488322184642264,0.22634132659591716,1
2,0.03333333333333333,Participant1_RS_SlUp,Mesomorph,Normal,upright,1.0,0.0,0.0,-0.2619919165241754,17.16250918379395,0.22814743066692633,1
3,0.05,Participant1_RS_SlUp,Mesomorph,Normal,upright,1.0,0.0,0.0,-0.26550171199088907,17.471098698457286,0.23165922711190923,1
4,0.06666666666666667,Participant1_RS_SlUp,Mesomorph,Normal,upright,1.0,0.0,0.0,-0.2686320982625655,17.2976631897097,0.23021466546771543,1
5,0.08333333333333333,Participant1_RS_SlUp,Mesomorph,Normal,upright,1.0,0.0,0.0,-0.2597884887623444,17.690871474972905,0.23175889916724432,1
6,0.1,Participant1_RS_SlUp,Mesomorph,Normal,upright,1.0,0.0,0.0,-0.2318307082519267,17.63960876573985,0.22530775862239152,1
7,0.11666666666666667,Participant1_RS_SlUp,Mesomorph,Normal,upright,1.0,0.0,0.0,-0.23140999085980646,17.903079897953813,0.22586425680122074,1
8,0.13333333333333333,Participant1_RS_SlUp,Mesomorph,Normal,upright,1.0,0.0,0.0,-0.2521357823648994,18.09310073486495,0.2209557605541026,1
9,0.15,Participant1_RS_SlUp,Mesomorph,Normal,upright,1.0,0.0,0.0,-0.236209014160399,18.602317626372624,0.21079135099880858,1
10,0.16666666666666666,Participant1_RS_SlUp,Mesomorph,Normal,upright,1.0,0.0,0.0,-0.24446844897073686,17.59466719530684,0.22281405778134342,1
11,0.18333333333333332,Participant1_RS_SlUp,Mesomorph,Normal,upright,1.0,0.0,0.0,-0.2294852634457545,18.57049525425389,0.21161048552596157,1
12,0.2,Participant1_RS_SlUp,Mesomorph,Normal,upright,1.0,0.0,0.0,-0.2601226074386057,17.856252212606865,0.22071096350106065,1
13,0.21666666666666667,Participant1_RS_SlUp,Mesomorph,Normal,upright,1.0,0.0,0.0,-0.2508894618417618,17.845441442242777,0.21650863058712078,1
14,0.23333333333333334,Participant1_RS_SlUp,Mesomorph,Normal,upright,1.0,0.0,0.0,-0.2626035311154812,18.391245299597866,0.2230431673376224,1
15,0.25,Participant1_RS_SlUp,Mesomorph,Normal,upright,1.0,0.0,0.0,-0.25010176316331645,18.124590053991987,0.21860191062351986,1
16,0.26666666666666666,Participant1_RS_SlUp,Mesomorph,Normal,upright,1.0,0.0,0.0,-0.28206842399857246,17.500279264240444,0.22541933008395068,1
17,0.2833333333333333,Participant1_RS_SlUp,Mesomorph,Normal,upright,1.0,0.0,0.0,-0.32928432128293006,17.266531560625996,0.23354137788643686,1
18,0.3,Participant1_RS_SlUp,Mesomorph,Normal,upright,1.0,0.0,0.0,-0.3322856580066823,17.505208170798852,0.22627332622915353,1
19,0.31666666666666665,Participant1_RS_SlUp,Mesomorph,Normal,upright,1.0,0.0,0.0,-0.3352869947304346,17.541833518731018,0.2296560695098236,1
20,0.3333333333333333,Participant1_RS_SlUp,Mesomorph,Normal,upright,1.0,0.0,0.0,-0.306339060331717,15.928253852797225,0.24301272211680394,1
21,0.35,Participant1_RS_SlUp,Mesomorph,Normal,upright,1.0,0.0,0.0,-0.3357742018280368,16.76030414634838,0.2387255417795701,1
22,0.36666666666666664,Participant1_RS_SlUp,Mesomorph,Normal,upright,1.0,0.0,0.0,-0.32444990343596414,16.45441602477594,0.2439397026249463,1
23,0.38333333333333336,Participant1_RS_SlUp,Mesomorph,Normal,upright,1.0,0.0,0.0,-0.31312560504389153,17.2477794893299,0.2403500449299575,1
24,0.4,Participant1_RS_SlUp,Mesomorph,Normal,upright,1.0,0.0,0.0,-0.30180130665181887,18.115419824738783,0.24095089156810356,1
25,0.4166666666666667,Participant1_RS_SlUp,Mesomorph,Normal,upright,1.0,0.0,0.0,-0.28589333070702905,18.341365310940933,0.24203065554361364,1
26,0.43333333333333335,Participant1_RS_SlUp,Mesomorph,Normal,upright,1.0,0.0,0.0,-0.2753045842577379,18.746127488734682,0.23068899778059695,1
27,0.45,Participant1_RS_SlUp,Mesomorph,Normal,upright,1.0,0.0,0.0,-0.2733175976417478,18.976639735691723,0.2294249993901453,1
28,0.4666666666666667,Participant1_RS_SlUp,Mesomorph,Normal,upright,1.0,0.0,0.0,-0.2466213008976034,19.220817988568786,0.23267044379065915,1
29,0.48333333333333334,Participant1_RS_SlUp,Mesomorph,Normal,upright,1.0,0.0,0.0,-0.26265118235783425,18.506859306908627,0.23928667291880962,1
30,0.5,Participant1_RS_SlUp,Mesomorph,Normal,upright,1.0,0.0,0.0,-0.24972595800821787,18.98549835487475,0.24405901800894803,1
31,0.5166666666666667,Participant1_RS_SlUp,Mesomorph,Normal,upright,1.0,0.0,0.0,-0.2556904716580205,19.126010844835466,0.23812510065013495,1
32,0.5333333333333333,Participant1_RS_SlUp,Mesomorph,Normal,upright,1.0,0.0,0.0,-0.2677113813246371,19.37921516840324,0.2331648647381234,1
33,0.55,Participant1_RS_SlUp,Mesomorph,Normal,upright,1.0,0.0,0.0,-0.24429956964105765,19.398210194852453,0.2235667962137214,1
34,0.5666666666666667,Participant1_RS_SlUp,Mesomorph,Normal,upright,1.0,0.0,0.0,-0.25821917305185926,19.176302895210274,0.22989145489923477,1
35,0.5833333333333334,Participant1_RS_SlUp,Mesomorph,Normal,upright,1.0,0.0,0.0,-0.25660645735355,18.576779704184784,0.23362170930480922,1
36,0.6,Participant1_RS_SlUp,Mesomorph,Normal,upright,1.0,0.0,0.0,-0.23953010936336405,18.27246269637009,0.2458266024363827,1
37,0.6166666666666667,Participant1_RS_SlUp,Mesomorph,Normal,upright,1.0,0.0,0.0,-0.23899331603405508,17.92601825693652,0.23874693001275168,1
38,0.6333333333333333,Participant1_RS_SlUp,Mesomorph,Normal,upright,1.0,0.0,0.0,-0.24283733530182586,17.68652216490826,0.24855435650938487,1
39,0.65,Participant1_RS_SlUp,Mesomorph,Normal,upright,1.0,0.0,0.0,-0.25656676479238827,17.642869005432416,0.24997522240628142,1
40,0.6666666666666666,Participant1_RS_SlUp,Mesomorph,Normal,upright,1.0,0.0,0.0,-0.2588218469130714,17.52173664596491,0.252344938537954,1
41,0.6833333333333333,Participant1_RS_SlUp,Mesomorph,Normal,upright,1.0,0.0,0.0,-0.24962641786965115,17.473814539999186,0.24084409415465452,1
42,0.7,Participant1_RS_SlUp,Mesomorph,Normal,upright,1.0,0.0,0.0,-0.25212794352730616,17.051951853289168,0.24700044715920974,1
43,0.7166666666666667,Participant1_RS_SlUp,Mesomorph,Normal,upright,1.0,0.0,0.0,-0.23818067843403712,17.51113610506135,0.24648803857941665,1
44,0.7333333333333333,Participant1_RS_SlUp,Mesomorph,Normal,upright,1.0,0.0,0.0,-0.2388222429509436,17.965422925244972,0.2471083987248504,1
45,0.75,Participant1_RS_SlUp,Mesomorph,Normal,upright,1.0,0.0,0.0,-0.2407366578708672,17.682232504844464,0.24491820578212142,1
46,0.7666666666666667,Participant1_RS_SlUp,Mesomorph,Normal,upright,1.3916307518715407,0.0,-17.780702867972085,-0.24334094859659672,16.262690626549645,0.26297871757690233,1
47,0.7833333333333333,Participant1_RS_SlUp,Mesomorph,Normal,upright,1.0,0.0,0.0,-0.24113211049578537,17.06018336643542,0.2591799817884676,1
48,0.8,Participant1_RS_SlUp,Mesomorph,Normal,upright,1.3980300070937215,5.506727416318836,-18.32466420773277,-0.22177066886797547,16.876034974046576,0.2623743770215551,1
49,0.8166666666666667,Participant1_RS_SlUp,Mesomorph,Normal,upright,1.3814390538289683,6.816673988185597,-18.125661972506677,-0.23360422591213137,16.872602604694436,0.26421294364230186,1
50,0.8333333333333334,Participant1_RS_SlUp,Mesomorph,Normal,upright,1.3640364818088762,6.831300418195485,-16.775332091951732,-0.24074272206053138,16.663096466036894,0.26512994957476144,1
51,0.85,Participant1_RS_SlUp,Mesomorph,Normal,upright,1.346633909788784,6.845926848205373,-17.632808713796216,-0.23852225879090838,16.53048566295914,0.271180007961612,1
52,0.8666666666666667,Participant1_RS_SlUp,Mesomorph,Normal,upright,1.3617389085231393,6.860553278215261,-18.340170818690165,-0.2458022995851934,16.79318764894932,0.26902079037237187,1
53,0.8833333333333333,Participant1_RS_SlUp,Mesomorph,Normal,upright,1.3600620115091504,4.57370218547684,-18.35925593515276,-0.252433268353343,16.855687741438253,0.2680837271372335,1
54,0.9,Participant1_RS_SlUp,Mesomorph,Normal,upright,1.3668630872318905,2.28685109273842,-18.77639006210168,-0.2393443303881213,16.760021645705166,0.26666442373866406,1
55,0.9166666666666666,Participant1_RS_SlUp,Mesomorph,Normal,upright,1.0,0.0,0.0,-0.24808356508171858,16.556959261375102,0.25637031397649024,1
56,0.9333333333333333,Participant1_RS_SlUp,Mesomorph,Normal,upright,1.0,0.0,0.0,-0.23515313564528437,16.102208353751156,0.2620854480316113,1
57,0.95,Participant1_RS_SlUp,Mesomorph,Normal,upright,1.0,0.0,0.0,-0.23707047173618884,17.376751947456224,0.26159197949822055,1
58,0.9666666666666667,Participant1_RS_SlUp,Mesomorph,Normal,upright,1.0,0.0,0.0,-0.23314390061526474,18.037894495754138,0.2571503465839706,1
59,0.9833333333333333,Participant1_RS_SlUp,Mesomorph,Normal,upright,1.0,0.0,0.0,-0.2280684883029701,17.923997114271252,0.2547190211959161,1
60,1.0,Participant1_RS_SlUp,Mesomorph,Normal,upright,1.3163990470293774,0.0,0.0,-0.24116051942110062,17.002325595095297,0.2604032326824701,1
61,1.0166666666666666,Participant1_RS_SlUp,Mesomorph,Normal,upright,1.0,0.0,0.0,-0.2424031907993757,17.957610921821534,0.2590283806007066,1
62,1.0333333333333334,Participant1_RS_SlUp,Mesomorph,Normal,upright,1.0,0.0,0.0,-0.2446160698196755,17.339037296466927,0.25437037333400025,1
63,1.05,Participant1_RS_SlUp,Mesomorph,Normal,upright,1.0,0.0,0.0,-0.2558741681498636,16.98234483868214,0.255830844105814,1
64,1.0666666666666667,Participant1_RS_SlUp,Mesomorph,Normal,upright,1.3241710933760318,0.0,0.0,-0.24968932569026947,16.868005304733696,0.2564204852276216,1
65,1.0833333333333333,Participant1_RS_SlUp,Mesomorph,Normal,upright,1.3247704835107759,0.0,0.0,-0.24785130005329847,17.116946875762075,0.25624649547101563,1
66,1.1,Participant1_RS_SlUp,Mesomorph,Normal,upright,1.3124739698416752,0.0,0.0,-0.24344704113900661,17.396322828969613,0.25607110567236074,1
67,1.1166666666666667,Participant1_RS_SlUp,Mesomorph,Normal,upright,1.0,0.0,0.0,-0.2457207451203721,17.32552657762854,0.2535878326232386,1
68,1.1333333333333333,Participant1_RS_SlUp,Mesomorph,Normal,upright,1.0,0.0,0.0,-0.23959074620349632,17.43392049935373,0.25228375938697284,1
69,1.15,Participant1_RS_SlUp,Mesomorph,Normal,upright,1.0,0.0,0.0,-0.22425513636309757,17.428722824047366,0.24789168167458997,1
70,1.1666666666666667,Participant1_RS_SlUp,Mesomorph,Normal,upright,1.0,0.0,0.0,-0.23790610235130125,17.19865203339334,0.2502159100499162,1
71,1.1833333333333333,Participant1_RS_SlUp,Mesomorph,Normal,upright,1.0,0.0,0.0,-0.22424468503563152,17.110993089618955,0.24763005198301682,1
72,1.2,Participant1_RS_SlUp,Mesomorph,Normal,upright,1.0,0.0,0.0,-0.22283103174801427,18.140210558558504,0.2529766228132931,1
73,1.2166666666666666,Participant1_RS_SlUp,Mesomorph,Normal,upright,1.0,0.0,0.0,-0.22095453011945138,18.142960756836395,0.254278535982213,1
74,1.2333333333333334,Participant1_RS_SlUp,Mesomorph,Normal,upright,1.0,0.0,0.0,-0.22877869365518055,17.825293154820095,0.24834633884767413,1
75,1.25,Participant1_RS_SlUp,Mesomorph,Normal,upright,1.0,0.0,0.0,-0.20708663405441222,17.594771335686875,0.2558315463025857,1
76,1.2666666666666666,Participant1_RS_SlUp,Mesomorph,Normal,upright,1.0,0.0,0.0,-0.20369199555478432,17.537008835772244,0.2562334098386494,1
77,1.2833333333333334,Participant1_RS_SlUp,Mesomorph,Normal,upright,1.0,0.0,0.0,-0.21821394144295966,17.471568769910657,0.255764592563484,1
78,1.3,Participant1_RS_SlUp,Mesomorph,Normal,upright,1.0,0.0,0.0,-0.2159622626658509,17.57929794973727,0.25334173278060496,1
79,1.3166666666666667,Participant1_RS_SlUp,Mesomorph,Normal,upright,1.0,0.0,0.0,-0.23592552096160838,17.14212272859086,0.2617263356024889,1
80,1.3333333333333333,Participant1_RS_SlUp,Mesomorph,Normal,upright,1.0,0.0,0.0,-0.22682804603790774,16.987300412657085,0.2578131974266308,1
81,1.35,Participant1_RS_SlUp,Mesomorph,Normal,upright,1.3710911974180837,0.0,-13.865339453398377,-0.22100643697194755,16.959208875114644,0.2609144324372769,1
82,1.3666666666666667,Participant1_RS_SlUp,Mesomorph,Normal,upright,1.0,0.0,0.0,-0.22465867586871868,17.51109868933477,0.2615661039519763,1
83,1.3833333333333333,Participant1_RS_SlUp,Mesomorph,Normal,upright,1.0,0.0,0.0,-0.23148065894452038,16.96744670707425,0.2603706835067236,1
84,1.4,Participant1_RS_SlUp,Mesomorph,Normal,upright,1.0,0.0,0.0,-0.23243657686110233,17.272775701513183,0.25062338906226306,1
85,1.4166666666666667,Participant1_RS_SlUp,Mesomorph,Normal,upright,1.0,0.0,0.0,-0.22872111503255518,17.03680393808723,0.25698162428203114,1
86,1.4333333333333333,Participant1_RS_SlUp,Mesomorph,Normal,upright,1.0,0.0,0.0,-0.2302927912204795,17.61690923229315,0.25988998996439727,1
87,1.45,Participant1_RS_SlUp,Mesomorph,Normal,upright,1.0,0.0,0.0,-0.24186847529903863,16.979202451767105,0.2610031566554336,1
88,1.4666666666666666,Participant1_RS_SlUp,Mesomorph,Normal,upright,1.0,0.0,0.0,-0.23881126836482264,17.383424780762567,0.2564780148899768,1
89,1.4833333333333334,Participant1_RS_SlUp,Mesomorph,Normal,upright,1.0,0.0,0.0,-0.2288546201380117,17.083229496332766,0.2562088955084816,1
90,1.5,Participant1_RS_SlUp,Mesomorph,Normal,upright,1.0,0.0,0.0,-0.22934471768437106,17.181067729817524,0.25185226509976466,1
91,1.5166666666666666,Participant1_RS_SlUp,Mesomorph,Normal,upright,1.0,0.0,0.0,-0.22896445294423318,17.240882501316012,0.2530813340739613,1
92,1.5333333333333334,Participant1_RS_SlUp,Mesomorph,Normal,upright,1.0,0.0,0.0,-0.22811128903883382,17.355801351359247,0.253161256274772,1
93,1.55,Participant1_RS_SlUp,Mesomorph,Normal,upright,1.0,0.0,0.0,-0.2229361146153007,18.15331668370517,0.2654188147859793,1
94,1.5666666666666667,Participant1_RS_SlUp,Mesomorph,Normal,upright,1.0,0.0,0.0,-0.21830009435186634,17.71845942064962,0.2654539738735461,1
95,1.5833333333333333,Participant1_RS_SlUp,Mesomorph,Normal,upright,1.0,0.0,0.0,-0.20148049915769145,17.75272562732323,0.26215784533383074,1
96,1.6,Participant1_RS_SlUp,Mesomorph,Normal,upright,1.0,0.0,0.0,-0.22117793965374477,17.490174262274177,0.2634587569304895,1
97,1.6166666666666667,Participant1_RS_SlUp,Mesomorph,Normal,upright,1.3180886778661467,0.0,-15.569540794861284,-0.23578800121322274,17.355238730009432,0.267081839735376,1
98,1.6333333333333333,Participant1_RS_SlUp,Mesomorph,Normal,upright,1.0,0.0,0.0,-0.22554821696809693,17.891167177757442,0.2625040105068088,1
99,1.65,Participant1_RS_SlUp,Mesomorph,Normal,upright,1.3107861334813002,0.0,-14.604766982003609,-0.22562969289720058,18.150438299443085,0.26811853844763384,1
100,1.6666666666666667,Participant1_RS_SlUp,Mesomorph,Normal,upright,1.3148092896191819,0.0,-15.13327081643202,-0.22168268077075481,17.91991346786652,0.26567209091325933,1
101,1.6833333333333333,Participant1_RS_SlUp,Mesomorph,Normal,upright,1.0,0.0,0.0,-0.22729803041065164,17.95386338911013,0.26410814873004,1
102,1.7,Participant1_RS_SlUp,Mesomorph,Normal,upright,1.0,0.0,0.0,-0.23023856416972396,18.389038170513153,0.2600597118301001,1
103,1.7166666666666666,Participant1_RS_SlUp,Mesomorph,Normal,upright,1.2958957249428644,2.1424273883750615,-17.662151608481775,-0.22208308801054955,18.306059123836057,0.2640342461029468,1
104,1.7333333333333334,Participant1_RS_SlUp,Mesomorph,Normal,upright,1.3096648703546423,4.284854776750123,-15.884285599024025,-0.23212833981961012,18.1845842963263,0.2643860488348461,1
105,1.75,Participant1_RS_SlUp,Mesomorph,Normal,upright,1.302112059561676,6.427282165125185,-18.442869951659528,-0.22221736307255924,17.972878077505825,0.26119961315255374,1
106,1.7666666666666666,Participant1_RS_SlUp,Mesomorph,Normal,upright,1.0,0.0,0.0,-0.21870433109608434,17.774313419293364,0.25782776820382336,1
107,1.7833333333333334,Participant1_RS_SlUp,Mesomorph,Normal,upright,1.0,0.0,0.0,-0.22254504667069436,17.783813007392368,0.25503447127317147,1
108,1.8,Participant1_RS_SlUp,Mesomorph,Normal,upright,1.318528029838755,5.320179779913815,-17.318985955329698,-0.2310624698875472,17.6646445826645,0.25870835908213713,1
109,1.8166666666666667,Participant1_RS_SlUp,Mesomorph,Normal,upright,1.3219692909187621,6.464348369553101,-15.69516479321674,-0.2230617986060679,17.639912912461266,0.2627740822741063,1
110,1.8333333333333333,Participant1_RS_SlUp,Mesomorph,Normal,upright,1.0,0.0,0.0,-0.20644612303541982,18.252753586142482,0.25939051503919736,1
111,1.85,Participant1_RS_SlUp,Mesomorph,Normal,upright,1.0,0.0,0.0,-0.2286241072198411,17.682728188897325,0.256777431613233,1
112,1.8666666666666667,Participant1_RS_SlUp,Mesomorph,Normal,upright,1.0,0.0,0.0,-0.23763985140595034,17.4255810766285,0.250494434318013,1
113,1.8833333333333333,Participant1_RS_SlUp,Mesomorph,Normal,upright,1.0,0.0,0.0,-0.21509309633672838,17.41391870556729,0.25169164293557805,1
114,1.9,Participant1_RS_SlUp,Mesomorph,Normal,upright,1.0,0.0,0.0,-0.2250951051236574,17.39582466875037,0.25356779788688816,1
115,1.9166666666666667,Participant1_RS_SlUp,Mesomorph,Normal,upright,1.358763593809874,5.748725478426114,-15.522591000737366,-0.2079496174119413,17.652114982770076,0.2572202347672415,1
116,1.9333333333333333,Participant1_RS_SlUp,Mesomorph,Normal,upright,1.0,0.0,0.0,-0.22170206794853703,18.146370177669503,0.24759449399236458,1
117,1.95,Participant1_RS_SlUp,Mesomorph,Normal,upright,1.0,0.0,0.0,-0.22309881435015846,18.696496324970205,0.25546791151596576,1
118,1.9666666666666666,Participant1_RS_SlUp,Mesomorph,Normal,upright,1.0,0.0,0.0,-0.2203951506337732,17.595680819654163,0.2554542214777505,1
119,1.9833333333333334,Participant1_RS_SlUp,Mesomorph,Normal,upright,1.0,0.0,0.0,-0.2309678451991996,17.736098035785684,0.2509300471128058,1
120,2.0,Participant1_RS_SlUp,Mesomorph,Normal,upright,1.0,0.0,0.0,-0.2228858035429266,17.591038590625377,0.2516285253663272,1
121,2.0166666666666666,Participant1_RS_SlUp,Mesomorph,Normal,upright,1.0,0.0,0.0,-0.2220637071420453,17.367904677571264,0.25587351665718416,1
122,2.033333333333333,Participant1_RS_SlUp,Mesomorph,Normal,upright,1.0,0.0,0.0,-0.23008357009645203,17.419483629787752,0.2498140263110749,1
123,2.05,Participant1_RS_SlUp,Mesomorph,Normal,upright,1.0,0.0,0.0,-0.22780077565509838,17.8967515190062,0.24694764953650492,1
124,2.066666666666667,Participant1_RS_SlUp,Mesomorph,Normal,upright,1.0,0.0,0.0,-0.23041620133118906,17.46806362543946,0.254108623031378,1
125,2.0833333333333335,Participant1_RS_SlUp,Mesomorph,Normal,upright,1.0,0.0,0.0,-0.23378642124142884,17.8644594733412,0.2555254340648417,1
126,2.1,Participant1_RS_SlUp,Mesomorph,Normal,upright,1.0,0.0,0.0,-0.2423813223464633,17.64441059825436,0.2540753630907134,1
127,2.1166666666666667,Participant1_RS_SlUp,Mesomorph,Normal,upright,1.0,0.0,0.0,-0.22634783980339573,18.008774158859545,0.25394418128061547,1
128,2.1333333333333333,Participant1_RS_SlUp,Mesomorph,Normal,upright,1.0,0.0,0.0,-0.21821573643171244,18.193312344871206,0.2500487490025627,1
129,2.15,Participant1_RS_SlUp,Mesomorph,Normal,upright,1.0,0.0,0.0,-0.23521795320825317,17.95972313332915,0.2493267195187112,1
130,2.1666666666666665,Participant1_RS_SlUp,Mesomorph,Normal,upright,1.0,0.0,0.0,-0.21100267225223204,18.109013501880348,0.2516168920425781,1
131,2.183333333333333,Participant1_RS_SlUp,Mesomorph,Normal,upright,1.0,0.0,0.0,-0.22943146463271089,18.388106503751494,0.24819957549630753,1
132,2.2,Participant1_RS_SlUp,Mesomorph,Normal,upright,1.0,0.0,0.0,-0.22547905435083357,18.582983794250396,0.24845378128029036,1
133,2.216666666666667,Participant1_RS_SlUp,Mesomorph,Normal,upright,1.0,0.0,0.0,-0.23102186824521953,18.093573991839307,0.25568660761942125,1
134,2.2333333333333334,Participant1_RS_SlUp,Mesomorph,Normal,upright,1.0,0.0,0.0,-0.23027720785251532,18.12292703614046,0.2531961856963318,1
135,2.25,Participant1_RS_SlUp,Mesomorph,Normal,upright,1.0,0.0,0.0,-0.22267766015460816,18.65696354522795,0.24901647286397538,1
136,2.2666666666666666,Participant1_RS_SlUp,Mesomorph,Normal,upright,1.0,0.0,0.0,-0.22616729887402237,18.343317902616086,0.2507876391199254,1
137,2.283333333333333,Participant1_RS_SlUp,Mesomorph,Normal,upright,1.0,0.0,0.0,-0.23074074261275077,18.393427072953553,0.2505682548146218,1
138,2.3,Participant1_RS_SlUp,Mesomorph,Normal,upright,1.0,0.0,0.0,-0.22980298337748944,18.362744737259494,0.25065914384910815,1
139,2.316666666666667,Participant1_RS_SlUp,Mesomorph,Normal,upright,1.0,0.0,0.0,-0.21641326709593953,18.35363151583485,0.25422952273340327,1
140,2.3333333333333335,Participant1_RS_SlUp,Mesomorph,Normal,upright,1.0,0.0,0.0,-0.20967555663309823,18.04716991616511,0.25505874011028123,1
141,2.35,Participant1_RS_SlUp,Mesomorph,Normal,upright,1.0,0.0,0.0,-0.21415445228254845,18.371590498389416,0.25408816959455527,1
142,2.3666666666666667,Participant1_RS_SlUp,Mesomorph,Normal,upright,1.0,0.0,0.0,-0.2249481680783548,18.01540464400524,0.25274320369726916,1
143,2.3833333333333333,Participant1_RS_SlUp,Mesomorph,Normal,upright,1.0,0.0,0.0,-0.22995404665421065,18.14114564288162,0.25381912091476944,1
144,2.4,Participant1_RS_SlUp,Mesomorph,Normal,upright,1.0,0.0,0.0,-0.21701170316990603,17.848874053916237,0.25903142702617393,1
145,2.4166666666666665,Participant1_RS_SlUp,Mesomorph,Normal,upright,1.0,0.0,0.0,-0.22392589694987058,18.251628385960547,0.25232807983121874,1
146,2.433333333333333,Participant1_RS_SlUp,Mesomorph,Normal,upright,1.0,0.0,0.0,-0.2191656767025531,18.105554331460482,0.25323306402339313,1
147,2.45,Participant1_RS_SlUp,Mesomorph,Normal,upright,1.0,0.0,0.0,-0.21601222883309393,18.577658562679208,0.2468529400503913,1
148,2.466666666666667,Participant1_RS_SlUp,Mesomorph,Normal,upright,1.0,0.0,0.0,-0.22327937823701738,18.672786954179493,0.24922838279126266,1
149,2.4833333333333334,Participant1_RS_SlUp,Mesomorph,Normal,upright,1.0,0.0,0.0,-0.21289847773295983,18.513393495406028,0.2489417536448353,1
150,2.5,Participant1_RS_SlUp,Mesomorph,Normal,upright,1.0,0.0,0.0,-0.21465129962804635,18.43241893607904,0.2523347101204854,1
151,2.5166666666666666,Participant1_RS_SlUp,Mesomorph,Normal,upright,1.0,0.0,0.0,-0.20099235357901693,18.68474370319528,0.24599976707815502,1
152,2.533333333333333,Participant1_RS_SlUp,Mesomorph,Normal,upright,1.0,0.0,0.0,-0.2170744714992911,18.369309606320428,0.24270220496553113,1
153,2.55,Participant1_RS_SlUp,Mesomorph,Normal,upright,1.0,0.0,0.0,-0.21146463310104596,18.360506137220085,0.24782840354888777,1
154,2.566666666666667,Participant1_RS_SlUp,Mesomorph,Normal,upright,1.0,0.0,0.0,-0.24595273068760448,18.301850516250262,0.2501542082849264,1
155,2.5833333333333335,Participant1_RS_SlUp,Mesomorph,Normal,upright,1.0,0.0,0.0,-0.24622559354878212,18.4484733220507,0.24953389269759593,1
156,2.6,Participant1_RS_SlUp,Mesomorph,Normal,upright,1.0,0.0,0.0,-0.24336293409352155,18.211572811580602,0.25226898797933495,1
157,2.6166666666666667,Participant1_RS_SlUp,Mesomorph,Normal,upright,1.0,0.0,0.0,-0.241509330619681,18.329178621033318,0.2536168703821618,1
158,2.6333333333333333,Participant1_RS_SlUp,Mesomorph,Normal,upright,1.0,0.0,0.0,-0.25279546031237654,18.07169605202845,0.25134017747033033,1
159,2.65,Participant1_RS_SlUp,Mesomorph,Normal,upright,1.0,0.0,0.0,-0.25155961393188064,18.17507027502186,0.2529740743104023,1
160,2.6666666666666665,Participant1_RS_SlUp,Mesomorph,Normal,upright,1.0,0.0,0.0,-0.23155720269293376,18.2150271684227,0.24504070035411843,1
161,2.683333333333333,Participant1_RS_SlUp,Mesomorph,Normal,upright,1.0,0.0,0.0,-0.21155935765944917,19.145418984175567,0.24495798055208126,1
162,2.7,Participant1_RS_SlUp,Mesomorph,Normal,upright,1.0,0.0,0.0,-0.21386912812586142,18.430364441753326,0.24590165252944524,1
163,2.716666666666667,Participant1_RS_SlUp,Mesomorph,Normal,upright,1.0,0.0,0.0,-0.22027944801618315,18.331293824127076,0.2505024202410182,1
164,2.7333333333333334,Participant1_RS_SlUp,Mesomorph,Normal,upright,1.0,0.0,0.0,-0.20957795015608707,18.446733751594056,0.2415825993622146,1
165,2.75,Participant1_RS_SlUp,Mesomorph,Normal,upright,1.0,0.0,0.0,-0.210375147545885,18.466574180408404,0.2449025018454899,1
166,2.7666666666666666,Participant1_RS_SlUp,Mesomorph,Normal,upright,1.0,0.0,0.0,-0.2124940833810833,18.554437270750537,0.24540367892001533,1
167,2.783333333333333,Participant1_RS_SlUp,Mesomorph,Normal,upright,1.0,0.0,0.0,-0.21459323931478386,18.54954884777642,0.24454602879367462,1
168,2.8,Participant1_RS_SlUp,Mesomorph,Normal,upright,1.0,0.0,0.0,-0.21182880098462548,18.387712394238132,0.2428201193616904,1
169,2.816666666666667,Participant1_RS_SlUp,Mesomorph,Normal,upright,1.0,0.0,0.0,-0.224043681628853,18.73116123168157,0.23762747839797735,1
170,2.8333333333333335,Participant1_RS_SlUp,Mesomorph,Normal,upright,1.0,0.0,0.0,-0.22019677366360338,18.508962429416584,0.24484426255746092,1
171,2.85,Participant1_RS_SlUp,Mesomorph,Normal,upright,1.0,0.0,0.0,-0.20874866398636088,18.0885263906297,0.24836866929412357,1
172,2.8666666666666667,Participant1_RS_SlUp,Mesomorph,Normal,upright,1.0,0.0,0.0,-0.21622796397634428,18.45093670352661,0.2440361011292094,1
173,2.8833333333333333,Participant1_RS_SlUp,Mesomorph,Normal,upright,1.0,0.0,0.0,-0.20716884791565657,18.336540332166013,0.24471415583054568,1
174,2.9,Participant1_RS_SlUp,Mesomorph,Normal,upright,1.0,0.0,0.0,-0.21504500399626708,17.963527312064812,0.24599604315075776,1
175,2.9166666666666665,Participant1_RS_SlUp,Mesomorph,Normal,upright,1.0,0.0,0.0,-0.23978326284125748,18.235440502213724,0.24738483268733924,1
176,2.933333333333333,Participant1_RS_SlUp,Mesomorph,Normal,upright,1.0,0.0,0.0,-0.2235289313352397,18.19198358314772,0.24528099906391088,1
177,2.95,Participant1_RS_SlUp,Mesomorph,Normal,upright,1.0,0.0,0.0,-0.22093242556945245,18.362618972526267,0.24856113828228937,1
178,2.966666666666667,Participant1_RS_SlUp,Mesomorph,Normal,upright,1.0,0.0,0.0,-0.23202929953511525,17.728738992028074,0.2537524176987154,1
179,2.9833333333333334,Participant1_RS_SlUp,Mesomorph,Normal,upright,1.0,0.0,0.0,-0.24776818695050382,17.466175933071888,0.25179160902308406,1
180,3.0,Participant1_RS_SlUp,Mesomorph,Normal,upright,1.0,0.0,0.0,-0.21496271630421365,18.307121362547193,0.24269044885222887,1
181,3.0166666666666666,Participant1_RS_SlUp,Mesomorph,Normal,upright,1.0,0.0,0.0,-0.21521095682954702,17.844303433281627,0.24463082498880123,1
182,3.033333333333333,Participant1_RS_SlUp,Mesomorph,Normal,upright,1.0,0.0,0.0,-0.23440151583939084,17.74089647268839,0.2452559538434084,1
183,3.05,Participant1_RS_SlUp,Mesomorph,Normal,upright,1.0,0.0,0.0,-0.22107229039832224,18.688100789714074,0.2482892680214356,1
184,3.066666666666667,Participant1_RS_SlUp,Mesomorph,Normal,upright,1.0,0.0,0.0,-0.23773562971440257,18.166609114459014,0.24530261978172394,1
185,3.0833333333333335,Participant1_RS_SlUp,Mesomorph,Normal,upright,1.0,0.0,0.0,-0.2433849842459448,18.383818764612407,0.2488892283261229,1
186,3.1,Participant1_RS_SlUp,Mesomorph,Normal,upright,1.0,0.0,0.0,-0.22774002080388206,18.490800174943463,0.24976285566726675,1
187,3.1166666666666667,Participant1_RS_SlUp,Mesomorph,Normal,upright,1.0,0.0,0.0,-0.23102260399205873,17.87419865096571,0.24642382182776967,1
188,3.1333333333333333,Participant1_RS_SlUp,Mesomorph,Normal,upright,1.0,0.0,0.0,-0.22597945946168996,17.782696928721197,0.24696368878958694,1
189,3.15,Participant1_RS_SlUp,Mesomorph,Normal,upright,1.0,0.0,0.0,-0.2287782658693669,18.070744076534044,0.2444466736864601,1
190,3.1666666666666665,Participant1_RS_SlUp,Mesomorph,Normal,upright,1.0,0.0,0.0,-0.22410689726717936,18.08285586521949,0.25119419961365796,1
191,3.183333333333333,Participant1_RS_SlUp,Mesomorph,Normal,upright,1.0,0.0,0.0,-0.22797308108610198,18.34001111554836,0.24530736383813798,1
192,3.2,Participant1_RS_SlUp,Mesomorph,Normal,upright,1.0,0.0,0.0,-0.22622791275635637,18.266449528078976,0.24888652323072666,1
193,3.216666666666667,Participant1_RS_SlUp,Mesomorph,Normal,upright,1.0,0.0,0.0,-0.22236689594304343,18.56361384343762,0.24726141274616126,1
194,3.2333333333333334,Participant1_RS_SlUp,Mesomorph,Normal,upright,1.0,0.0,0.0,-0.2233515950430995,18.557367804509965,0.24123093732679357,1
195,3.25,Participant1_RS_SlUp,Mesomorph,Normal,upright,1.0,0.0,0.0,-0.20619744218219938,18.421196447690175,0.25206028834810495,1
196,3.2666666666666666,Participant1_RS_SlUp,Mesomorph,Normal,upright,1.0,0.0,0.0,-0.23215363988974605,18.18426688534254,0.25102609060373454,1
197,3.283333333333333,Participant1_RS_SlUp,Mesomorph,Normal,upright,1.0,0.0,0.0,-0.21192633983256248,18.30049877573296,0.2516050167005924,1
198,3.3,Participant1_RS_SlUp,Mesomorph,Normal,upright,1.0,0.0,0.0,-0.22051571517420748,18.70390853394934,0.24559634509373843,1
199,3.316666666666667,Participant1_RS_SlUp,Mesomorph,Normal,upright,1.0,0.0,0.0,-0.22355295385907292,18.315164144288843,0.24783960482954037,1
200,3.3333333333333335,Participant1_RS_SlUp,Mesomorph,Normal,upright,1.0,0.0,0.0,-0.2267931551645864,19.039176175901645,0.24196437030584383,1
201,3.35,Participant1_RS_SlUp,Mesomorph,Normal,upright,1.0,0.0,0.0,-0.22745515320677978,19.3921689020461,0.24943361948236312,1
202,3.3666666666666667,Participant1_RS_SlUp,Mesomorph,Normal,upright,1.0,0.0,0.0,-0.20811813082158523,18.45233095610682,0.24562249604911804,1
203,3.3833333333333333,Participant1_RS_SlUp,Mesomorph,Normal,upright,1.0,0.0,0.0,-0.22714698880098766,19.24226856058713,0.2409355967463146,1
204,3.4,Participant1_RS_SlUp,Mesomorph,Normal,upright,1.0,0.0,0.0,-0.22214432673727622,19.048489138992824,0.24417380251463605,1
205,3.4166666666666665,Participant1_RS_SlUp,Mesomorph,Normal,upright,1.0,0.0,0.0,-0.22811856353924545,18.451653957569725,0.2454795456988209,1
206,3.433333333333333,Participant1_RS_SlUp,Mesomorph,Normal,upright,1.0,0.0,0.0,-0.22478504410171646,19.134310053456513,0.24554711706214652,1
207,3.45,Participant1_RS_SlUp,Mesomorph,Normal,upright,1.0,0.0,0.0,-0.2323215312933364,18.574449027843357,0.25219500544364415,1
208,3.466666666666667,Participant1_RS_SlUp,Mesomorph,Normal,upright,1.0,0.0,0.0,-0.23486197282106147,18.680225410113856,0.250835720219213,1
209,3.4833333333333334,Participant1_RS_SlUp,Mesomorph,Normal,upright,1.0,0.0,0.0,-0.23630671241347248,18.477498487587027,0.25228652760533554,1
210,3.5,Participant1_RS_SlUp,Mesomorph,Normal,upright,1.0,0.0,0.0,-0.23034666277044485,18.43987984259407,0.25075480432667596,1
211,3.5166666666666666,Participant1_RS_SlUp,Mesomorph,Normal,upright,1.0,0.0,0.0,-0.22918268072468778,18.037177791209494,0.2561663200603187,1
212,3.533333333333333,Participant1_RS_SlUp,Mesomorph,Normal,upright,1.0,0.0,0.0,-0.2377299840386472,18.053247405782017,0.25547077758657105,1
213,3.55,Participant1_RS_SlUp,Mesomorph,Normal,upright,1.0,0.0,0.0,-0.25120130325512036,17.990641592793953,0.2511480160383582,1
214,3.566666666666667,Participant1_RS_SlUp,Mesomorph,Normal,upright,1.0,0.0,0.0,-0.23555377787376997,18.14032933484951,0.2513077785788523,1
215,3.5833333333333335,Participant1_RS_SlUp,Mesomorph,Normal,upright,1.0,0.0,0.0,-0.2572754395234026,17.311293894958787,0.2578801666450741,1
216,3.6,Participant1_RS_SlUp,Mesomorph,Normal,upright,1.0,0.0,0.0,-0.2512492727042448,17.71427129684942,0.2577465386378453,1
217,3.6166666666666667,Participant1_RS_SlUp,Mesomorph,Normal,upright,1.0,0.0,0.0,-0.23872477423661512,18.100700106340383,0.25666166974093463,1
218,3.6333333333333333,Participant1_RS_SlUp,Mesomorph,Normal,upright,1.0,0.0,0.0,-0.2397722498473624,17.78903223130225,0.24932276750599228,1
219,3.65,Participant1_RS_SlUp,Mesomorph,Normal,upright,1.0,0.0,0.0,-0.22681784348748144,17.807433271311222,0.25461510569672663,1
220,3.6666666666666665,Participant1_RS_SlUp,Mesomorph,Normal,upright,1.0,0.0,0.0,-0.23899785435106383,17.993474524039424,0.25639817120013536,1
221,3.683333333333333,Participant1_RS_SlUp,Mesomorph,Normal,upright,1.0,0.0,0.0,-0.2479456662988443,17.782140931141537,0.25440311868155174,1
222,3.7,Participant1_RS_SlUp,Mesomorph,Normal,upright,1.0,0.0,0.0,-0.25787314250014004,17.624981136995533,0.24981887831309962,1
223,3.716666666666667,Participant1_RS_SlUp,Mesomorph,Normal,upright,1.0,0.0,0.0,-0.2523511021810964,17.677808372794008,0.2511821426714416,1
224,3.7333333333333334,Participant1_RS_SlUp,Mesomorph,Normal,upright,1.0,0.0,0.0,-0.2508043364161765,17.6867523733688,0.24548232090639285,1
225,3.75,Participant1_RS_SlUp,Mesomorph,Normal,upright,1.0,0.0,0.0,-0.2425909321566068,17.56516553845738,0.23970349607779282,1
226,3.7666666666666666,Participant1_RS_SlUp,Mesomorph,Normal,upright,1.0,0.0,0.0,-0.23695899057118083,17.307180038208422,0.24575089734872657,1
227,3.783333333333333,Participant1_RS_SlUp,Mesomorph,Normal,upright,1.0,0.0,0.0,-0.23535751620854664,17.594445050388227,0.2416543856599958,1
228,3.8,Participant1_RS_SlUp,Mesomorph,Normal,upright,1.0,0.0,0.0,-0.22870319355258603,18.09521200202311,0.24490987877041187,1
229,3.816666666666667,Participant1_RS_SlUp,Mesomorph,Normal,upright,1.0,0.0,0.0,-0.23447708659251293,18.080155828425024,0.24507143682204344,1
230,3.8333333333333335,Participant1_RS_SlUp,Mesomorph,Normal,upright,1.0,0.0,0.0,-0.2318852878044857,18.334364549421863,0.23866550137242545,1
231,3.85,Participant1_RS_SlUp,Mesomorph,Normal,upright,1.0,0.0,0.0,-0.23832547258119166,17.87517853846622,0.23501723335996186,1
232,3.8666666666666667,Participant1_RS_SlUp,Mesomorph,Normal,upright,1.0,0.0,0.0,-0.23298128784188565,18.337932947391614,0.23281571651113023,1
233,3.8833333333333333,Participant1_RS_SlUp,Mesomorph,Normal,upright,1.0,0.0,0.0,-0.24216022201470794,17.719981926098946,0.2403153354771399,1
234,3.9,Participant1_RS_SlUp,Mesomorph,Normal,upright,1.0,0.0,0.0,-0.2366189281176451,17.817913606127814,0.24729394872181631,1
235,3.9166666666666665,Participant1_RS_SlUp,Mesomorph,Normal,upright,1.0,0.0,0.0,-0.25076948488617945,18.03930632048686,0.2504447978522043,1
236,3.933333333333333,Participant1_RS_SlUp,Mesomorph,Normal,upright,1.0,0.0,0.0,-0.24606770973789016,16.909714189025024,0.256129821668558,1
237,3.95,Participant1_RS_SlUp,Mesomorph,Normal,upright,1.0,0.0,0.0,-0.263610385124884,17.129341335561122,0.2536957583032296,1
238,3.966666666666667,Participant1_RS_SlUp,Mesomorph,Normal,upright,1.0,0.0,0.0,-0.26002565973863745,17.7292606338403,0.24879547063784446,1
239,3.9833333333333334,Participant1_RS_SlUp,Mesomorph,Normal,upright,1.0,0.0,0.0,-0.25112402000220296,17.877635191164345,0.24596159336919096,1
240,4.0,Participant1_RS_SlUp,Mesomorph,Normal,upright,1.0,0.0,0.0,-0.23156986931308193,18.318666285717594,0.2397227551917438,1
241,4.016666666666667,Participant1_RS_SlUp,Mesomorph,Normal,upright,1.0,0.0,0.0,-0.23059309047795684,18.029189935976124,0.23996745307819364,1
242,4.033333333333333,Participant1_RS_SlUp,Mesomorph,Normal,upright,1.0,0.0,0.0,-0.2396752020631147,18.789489281626924,0.2371220758843455,1
243,4.05,Participant1_RS_SlUp,Mesomorph,Normal,upright,1.0,0.0,0.0,-0.23719156818787349,18.679527370192552,0.23725616291032875,1
244,4.066666666666666,Participant1_RS_SlUp,Mesomorph,Normal,upright,1.0,0.0,0.0,-0.23367967893616828,18.74167378465695,0.23702978031694075,1
245,4.083333333333333,Participant1_RS_SlUp,Mesomorph,Normal,upright,1.0,0.0,0.0,-0.23979746009631728,18.852821211086766,0.23520864864217544,1
246,4.1,Participant1_RS_SlUp,Mesomorph,Normal,upright,1.0,0.0,0.0,-0.23564972253070895,18.79415841775516,0.23474006856752017,1
247,4.116666666666666,Participant1_RS_SlUp,Mesomorph,Normal,upright,1.0,0.0,0.0,-0.23530805985651448,18.720734502069885,0.23763105901954537,1
248,4.133333333333334,Participant1_RS_SlUp,Mesomorph,Normal,upright,1.0,0.0,0.0,-0.23092661040977772,18.672891513469043,0.23972242620600775,1
249,4.15,Participant1_RS_SlUp,Mesomorph,Normal,upright,1.0,0.0,0.0,-0.2462845201028173,18.46303489986628,0.23576788059610226,1
250,4.166666666666667,Participant1_RS_SlUp,Mesomorph,Normal,upright,1.0,0.0,0.0,-0.25489388642449606,18.599049015124926,0.24121037942148255,1
251,4.183333333333334,Participant1_RS_SlUp,Mesomorph,Normal,upright,1.0,0.0,0.0,-0.2375311263995156,18.29187938373496,0.24418102883216955,1
252,4.2,Participant1_RS_SlUp,Mesomorph,Normal,upright,1.0,0.0,0.0,-0.243601457265005,18.30965290904953,0.24773543448702567,1
253,4.216666666666667,Participant1_RS_SlUp,Mesomorph,Normal,upright,1.0,0.0,0.0,-0.24552216405116628,17.759345248558194,0.2461586474234646,1
254,4.233333333333333,Participant1_RS_SlUp,Mesomorph,Normal,upright,1.0,0.0,0.0,-0.24015632635032322,17.73270423906252,0.2477558364195542,1
255,4.25,Participant1_RS_SlUp,Mesomorph,Normal,upright,1.0,0.0,0.0,-0.23982616129508774,18.150493125892016,0.24081210236178263,1
256,4.266666666666667,Participant1_RS_SlUp,Mesomorph,Normal,upright,1.0,0.0,0.0,-0.2529391219952863,18.077539214813154,0.24282287034266686,1
257,4.283333333333333,Participant1_RS_SlUp,Mesomorph,Normal,upright,1.0,0.0,0.0,-0.24955473464113434,18.238318134449624,0.23836736277726775,1
258,4.3,Participant1_RS_SlUp,Mesomorph,Normal,upright,1.0,0.0,0.0,-0.2473855265813548,18.49389328086661,0.2363956975271933,1
259,4.316666666666666,Participant1_RS_SlUp,Mesomorph,Normal,upright,1.0,0.0,0.0,-0.24160658101216417,17.730117439260873,0.24747140434625442,1
260,4.333333333333333,Participant1_RS_SlUp,Mesomorph,Normal,upright,1.0,0.0,0.0,-0.2388085976197803,18.094510085472756,0.24521958338682417,1
261,4.35,Participant1_RS_SlUp,Mesomorph,Normal,upright,1.0,0.0,0.0,-0.2525561919977626,17.240559063278706,0.24966527131768565,1
262,4.366666666666666,Participant1_RS_SlUp,Mesomorph,Normal,upright,1.0,0.0,0.0,-0.2476274138461484,16.902993898273238,0.2519704029218859,1
263,4.383333333333334,Participant1_RS_SlUp,Mesomorph,Normal,upright,1.0,0.0,0.0,-0.24098121772557055,17.44905035789818,0.24716020687557638,1
264,4.4,Participant1_RS_SlUp,Mesomorph,Normal,upright,1.0,0.0,0.0,-0.25262817438446694,17.311971557567098,0.24887300407542898,1
265,4.416666666666667,Participant1_RS_SlUp,Mesomorph,Normal,upright,1.0,0.0,0.0,-0.2525896435284729,17.422295089173,0.24579848656885114,1
266,4.433333333333334,Participant1_RS_SlUp,Mesomorph,Normal,upright,1.0,0.0,0.0,-0.26314032984779917,17.806425615431262,0.2444934162479465,1
267,4.45,Participant1_RS_SlUp,Mesomorph,Normal,upright,1.0,0.0,0.0,-0.24574081756628122,17.71870407913017,0.2449695990848672,1
268,4.466666666666667,Participant1_RS_SlUp,Mesomorph,Normal,upright,1.0,0.0,0.0,-0.24222137117572765,17.61424323872671,0.24464388047900018,1
269,4.483333333333333,Participant1_RS_SlUp,Mesomorph,Normal,upright,1.0,0.0,0.0,-0.2565986439821328,17.502670274071512,0.24176703685291015,1
270,4.5,Participant1_RS_SlUp,Mesomorph,Normal,upright,1.0,0.0,0.0,-0.2511612472775897,17.336188652161617,0.24543327740847265,1
271,4.516666666666667,Participant1_RS_SlUp,Mesomorph,Normal,upright,1.0,0.0,0.0,-0.2701730675859618,17.09386767874815,0.2506298095641471,1
272,4.533333333333333,Participant1_RS_SlUp,Mesomorph,Normal,upright,1.0,0.0,0.0,-0.2602895001167873,17.085800127591387,0.25192612031909256,1
273,4.55,Participant1_RS_SlUp,Mesomorph,Normal,upright,1.0,0.0,0.0,-0.26009087305435047,17.149224427769923,0.24874306886279696,1
274,4.566666666666666,Participant1_RS_SlUp,Mesomorph,Normal,upright,1.0,0.0,0.0,-0.2769842907871415,17.19667189929349,0.24895456310133499,1
275,4.583333333333333,Participant1_RS_SlUp,Mesomorph,Normal,upright,1.0,0.0,0.0,-0.26400900466966915,16.907238390966977,0.25573936903711947,1
276,4.6,Participant1_RS_SlUp,Mesomorph,Normal,upright,1.0,0.0,0.0,-0.2654542440254585,17.014422571366865,0.2511601757728677,1
277,4.616666666666666,Participant1_RS_SlUp,Mesomorph,Normal,upright,1.0,0.0,0.0,-0.2631734677320698,17.191949106200717,0.24433276534870224,1
278,4.633333333333334,Participant1_RS_SlUp,Mesomorph,Normal,upright,1.0,0.0,0.0,-0.2639154819161687,16.87837277628658,0.25121465276452704,1
279,4.65,Participant1_RS_SlUp,Mesomorph,Normal,upright,1.0,0.0,0.0,-0.2578796391060566,17.02337055721823,0.2471051023929308,1
280,4.666666666666667,Participant1_RS_SlUp,Mesomorph,Normal,upright,1.0,0.0,0.0,-0.2517399273378084,17.28783480324116,0.24942345203378508,1
281,4.683333333333334,Participant1_RS_SlUp,Mesomorph,Normal,upright,1.0,0.0,0.0,-0.2608007202523712,17.45252928606834,0.24762538885404284,1
282,4.7,Participant1_RS_SlUp,Mesomorph,Normal,upright,1.0,0.0,0.0,-0.26060322686409115,17.685233079563154,0.24554675592332426,1
283,4.716666666666667,Participant1_RS_SlUp,Mesomorph,Normal,upright,1.0,0.0,0.0,-0.25869263432546924,17.39644867489877,0.25135146708343625,1
284,4.733333333333333,Participant1_RS_SlUp,Mesomorph,Normal,upright,1.0,0.0,0.0,-0.24988314984759188,17.461484782710816,0.24755932712221781,1
285,4.75,Participant1_RS_SlUp,Mesomorph,Normal,upright,1.0,0.0,0.0,-0.25691744916262294,17.128856056668365,0.25014860758532725,1
286,4.766666666666667,Participant1_RS_SlUp,Mesomorph,Normal,upright,1.0,0.0,0.0,-0.24647649723356463,17.325926397577817,0.2472955425072576,1
287,4.783333333333333,Participant1_RS_SlUp,Mesomorph,Normal,upright,1.0,0.0,0.0,-0.239283650297814,17.578067999693115,0.24478054464051477,1
288,4.8,Participant1_RS_SlUp,Mesomorph,Normal,upright,1.0,0.0,0.0,-0.2444355549224402,17.436816830121362,0.24674240373721687,1
289,4.816666666666666,Participant1_RS_SlUp,Mesomorph,Normal,upright,1.0,0.0,0.0,-0.25136578999781256,17.413778728594874,0.24674232878781505,1
290,4.833333333333333,Participant1_RS_SlUp,Mesomorph,Normal,upright,1.0,0.0,0.0,-0.24939781506532963,17.738057509392746,0.25109292270717615,1
291,4.85,Participant1_RS_SlUp,Mesomorph,Normal,upright,1.0,0.0,0.0,-0.2481330386251913,17.898428682692195,0.2492394570559959,1
292,4.866666666666666,Participant1_RS_SlUp,Mesomorph,Normal,upright,1.0,0.0,0.0,-0.24367636965920428,17.94882620947029,0.24735678968553976,1
293,4.883333333333334,Participant1_RS_SlUp,Mesomorph,Normal,upright,1.0,0.0,0.0,-0.24278627918140175,18.29949423286229,0.24752477726467023,1
294,4.9,Participant1_RS_SlUp,Mesomorph,Normal,upright,1.0,0.0,0.0,-0.23705078397984108,18.222814015554487,0.2505790790319315,1
295,4.916666666666667,Participant1_RS_SlUp,Mesomorph,Normal,upright,1.0,0.0,0.0,-0.22702595257085412,18.441938656323348,0.2436086900611271,1
296,4.933333333333334,Participant1_RS_SlUp,Mesomorph,Normal,upright,1.0,0.0,0.0,-0.2380172432120453,17.687546911554342,0.2425129428435041,1
297,4.95,Participant1_RS_SlUp,Mesomorph,Normal,upright,1.0,0.0,0.0,-0.23649209577316646,18.107986311965085,0.24497893881142627,1
298,4.966666666666667,Participant1_RS_SlUp,Mesomorph,Normal,upright,1.0,0.0,0.0,-0.23485841687625628,18.002929123671183,0.24048829568692723,1
299,4.983333333333333,Participant1_RS_SlUp,Mesomorph,Normal,upright,1.0,0.0,0.0,-0.22712763372408415,18.217222960500273,0.24503727659107966,1
300,5.0,Participant1_RS_SlUp,Mesomorph,Normal,upright,1.0,0.0,0.0,-0.2273142186018407,17.821955456014308,0.24723806405606705,1
301,5.016666666666667,Participant1_RS_SlUp,Mesomorph,Normal,upright,1.0,0.0,0.0,-0.2365068557863111,17.674949789070258,0.24699613667912135,1
302,5.033333333333333,Participant1_RS_SlUp,Mesomorph,Normal,upright,1.0,0.0,0.0,-0.2360392559939945,17.3189780450135,0.251696169358089,1
303,5.05,Participant1_RS_SlUp,Mesomorph,Normal,upright,1.0,0.0,0.0,-0.25201249625545935,17.124162224305763,0.24774674239825034,1
304,5.066666666666666,Participant1_RS_SlUp,Mesomorph,Normal,upright,1.0,0.0,0.0,-0.21246173465441048,17.598986152317107,0.2446058574877641,1
305,5.083333333333333,Participant1_RS_SlUp,Mesomorph,Normal,upright,1.0,0.0,0.0,-0.24201935323336868,18.190238780013406,0.23816667907400202,1
306,5.1,Participant1_RS_SlUp,Mesomorph,Normal,upright,1.0,0.0,0.0,-0.23917747533473205,17.7575253354485,0.23153657595957342,1
307,5.116666666666666,Participant1_RS_SlUp,Mesomorph,Normal,upright,1.0,0.0,0.0,-0.23186793241152676,17.398449421369357,0.23744249865289865,1
308,5.133333333333334,Participant1_RS_SlUp,Mesomorph,Normal,upright,1.0,0.0,0.0,-0.2102659307278109,17.152373037436824,0.25022390717549137,1
309,5.15,Participant1_RS_SlUp,Mesomorph,Normal,upright,1.0,0.0,0.0,-0.2108879547373147,16.921498233429265,0.2624498243860118,1
310,5.166666666666667,Participant1_RS_SlUp,Mesomorph,Normal,upright,1.193202789661914,1.9082235915515806,-17.913917618101827,-0.246584914624691,16.210641810315913,0.26192333923715566,1
311,5.183333333333334,Participant1_RS_SlUp,Mesomorph,Normal,upright,1.386405579323828,3.8164471831031612,-17.12501227724692,-0.2410127278417349,15.405089624321016,0.2666887833755641,1
312,5.2,Participant1_RS_SlUp,Mesomorph,Normal,upright,1.3775468569260012,5.724670774654742,-14.738154658535786,-0.25002132169902325,15.747498537530161,0.2587659162781145,1
313,5.216666666666667,Participant1_RS_SlUp,Mesomorph,Normal,upright,1.3686881345281743,5.65352795086622,-14.512718454142055,-0.2507455591112375,15.377395640420575,0.26045803296010156,1
314,5.233333333333333,Participant1_RS_SlUp,Mesomorph,Normal,upright,1.3598294121303476,5.582385127077698,-18.26054120669464,-0.2614030144177377,16.110532009720323,0.2674138210958328,1
315,5.25,Participant1_RS_SlUp,Mesomorph,Normal,upright,1.351813573234875,5.511242303289176,-16.742383743460714,-0.2548418887927255,15.420757015426522,0.26975954482240744,1
316,5.266666666666667,Participant1_RS_SlUp,Mesomorph,Normal,upright,1.341217900041921,5.330791565212649,-15.024599490141403,-0.26873599737882614,16.00896440051173,0.27378605093831887,1
317,5.283333333333333,Participant1_RS_SlUp,Mesomorph,Normal,upright,1.332972027033258,6.321010322040715,-17.99626998408897,-0.26291013276204467,15.644422506131159,0.27490603484432596,1
318,5.3,Participant1_RS_SlUp,Mesomorph,Normal,upright,1.3137417596093213,3.4668650969514916,-14.963137594068145,-0.2686578817665577,14.622025250255195,0.27850849322319887,1
319,5.316666666666666,Participant1_RS_SlUp,Mesomorph,Normal,upright,1.2950706045446427,4.699062361607926,-16.966244951106297,-0.2601867653429508,14.989483339994726,0.2824276317960716,1
320,5.333333333333333,Participant1_RS_SlUp,Mesomorph,Normal,upright,1.3034096621974387,3.8936261707853372,-14.848651345434165,-0.26237854501232505,13.974582316888082,0.2862649841891556,1
321,5.35,Participant1_RS_SlUp,Mesomorph,Normal,upright,1.257572675772265,2.903805072151061,-16.296385801553473,-0.29088806733489037,14.07669061435756,0.2867006130657202,1
322,5.366666666666666,Participant1_RS_SlUp,Mesomorph,Normal,upright,1.3050770270325205,0.7297553409620243,-13.907040688813032,-0.28843239415436983,14.108559471378111,0.28116879544500845,1
323,5.383333333333334,Participant1_RS_SlUp,Mesomorph,Normal,upright,1.278052437515434,1.9784344127240436,-14.140792154675818,-0.28686931170523167,13.989055692558686,0.28236096506860886,1
324,5.4,Participant1_RS_SlUp,Mesomorph,Normal,upright,1.2706706073266592,1.5605489239560193,-16.21690413211902,-0.3006544827367179,13.601542466492152,0.2884987124739836,1
325,5.416666666666667,Participant1_RS_SlUp,Mesomorph,Normal,upright,1.2639212356750766,3.07615597920253,-15.223683526570884,-0.29793956223875284,13.692112808996592,0.2867162514869105,1
326,5.433333333333334,Participant1_RS_SlUp,Mesomorph,Normal,upright,1.284449933124103,5.039573022925005,-16.43078308218298,-0.2931695906445384,13.521723592278443,0.2849337904998373,1
327,5.45,Participant1_RS_SlUp,Mesomorph,Normal,upright,1.2904745745381676,3.8215473721975406,-12.75028751986567,-0.2963062496855855,12.743951239877358,0.28640288941026637,1
328,5.466666666666667,Participant1_RS_SlUp,Mesomorph,Normal,upright,1.3037216427168046,3.1333721321948245,-16.64125786592453,-0.3240022510290146,13.288163482716413,0.2894478679337259,1
329,5.483333333333333,Participant1_RS_SlUp,Mesomorph,Normal,upright,1.2686719724897888,3.5333117947056194,-15.93110274854901,-0.3238111095764407,13.993201488938755,0.27898224112737946,1
330,5.5,Participant1_RS_SlUp,Mesomorph,Normal,upright,1.3337282348287673,3.630803437496094,-17.203375220683203,-0.3236199681238669,15.314521557907725,0.2685166143210331,1
331,5.516666666666667,Participant1_RS_SlUp,Mesomorph,Normal,upright,1.3932432747333177,-0.5537246930644977,-18.329746311548455,-0.323428826671293,14.415965121489638,0.26322047284300343,1
332,5.533333333333333,Participant1_RS_SlUp,Mesomorph,Normal,upright,1.343283874033766,2.780817562156018,-15.642226700509868,-0.32323768521871915,14.447686928346448,0.2682968698964445,1
333,5.55,Participant1_RS_SlUp,Mesomorph,Normal,upright,1.0,0.0,0.0,-0.32304654376614533,15.033843571837341,0.2639465205001524,1
334,5.566666666666666,Participant1_RS_SlUp,Mesomorph,Normal,upright,1.0,0.0,0.0,-0.32285540231357146,15.377247286536482,0.24999497971012302,1
335,5.583333333333333,Participant1_RS_SlUp,Mesomorph,Normal,upright,1.0,0.0,0.0,-0.3226642608609976,15.43671709828862,0.24952823987385597,1
336,5.6,Participant1_RS_SlUp,Mesomorph,Normal,upright,1.0,0.0,0.0,-0.32247311940842377,15.698921744329919,0.23481822476858838,1
337,5.616666666666666,Participant1_RS_SlUp,Mesomorph,Normal,upright,1.0,0.0,0.0,-0.3222819779558499,14.5303684729922,0.24523831818431463,1
338,5.633333333333334,Participant1_RS_SlUp,Mesomorph,Normal,upright,1.0,0.0,0.0,-0.3252031903343501,14.453472240748768,0.2369589944488773,1
339,5.65,Participant1_RS_SlUp,Mesomorph,Normal,upright,1.0,0.0,0.0,-0.32812440271285026,13.692786538934504,0.24891338788145043,1
340,5.666666666666667,Participant1_RS_SlUp,Mesomorph,Normal,upright,1.0,2.8420811526473098,-13.44326207905304,-0.2974476180970669,13.540181330219356,0.25627311997466773,1
341,5.683333333333334,Participant1_RS_SlUp,Mesomorph,Normal,upright,1.0,4.216043358797947,-15.16948006552386,-0.3168479595333338,12.988156100902556,0.2622460156682215,1
342,5.7,Participant1_RS_SlUp,Mesomorph,Normal,upright,1.0,0.0,0.0,-0.32743510164456857,12.453777771915009,0.2663806277572013,1
343,5.716666666666667,Participant1_RS_SlUp,Mesomorph,Normal,upright,1.0,5.844930836114067,-11.272837827501322,-0.28719624411314726,12.215753863176761,0.2661448552067781,1
344,5.733333333333333,Participant1_RS_SlUp,Mesomorph,Normal,upright,1.0,3.473868455048519,-13.56225974698858,-0.27308696135878563,11.828563005652219,0.26101162053012483,1
345,5.75,Participant1_RS_SlUp,Mesomorph,Normal,upright,1.0,2.3213810315679213,-12.593335160525879,-0.28581885155290365,11.7347003988609,0.25652360175593164,1
346,5.766666666666667,Participant1_RS_SlUp,Mesomorph,Normal,upright,1.0,0.0,0.0,-0.2678030784601895,12.0094645112133,0.24566174808914687,1
347,5.783333333333333,Participant1_RS_SlUp,Mesomorph,Normal,upright,1.0,0.0,0.0,-0.26717763551312557,12.719879238030423,0.24644718471306984,1
348,5.8,Participant1_RS_SlUp,Mesomorph,Normal,upright,1.0,0.0,0.0,-0.27219895496749047,12.131463122099003,0.24753287717994274,1
349,5.816666666666666,Participant1_RS_SlUp,Mesomorph,Normal,upright,1.0,0.0,0.0,-0.2823331299332302,11.977174000526249,0.24013281895090383,1
350,5.833333333333333,Participant1_RS_SlUp,Mesomorph,Normal,upright,1.0,0.0,0.0,-0.28793319935902817,12.088026465549044,0.2405809106029822,1
351,5.85,Participant1_RS_SlUp,Mesomorph,Normal,upright,1.0,0.0,0.0,-0.28277515875137305,12.163823726683704,0.2386463435155192,1
352,5.866666666666666,Participant1_RS_SlUp,Mesomorph,Normal,upright,1.0,0.0,0.0,-0.2756014151676469,12.472313541274213,0.24146089839636947,1
353,5.883333333333334,Participant1_RS_SlUp,Mesomorph,Normal,upright,1.0,0.0,0.0,-0.27699307584564103,12.492718897786625,0.23706337645801454,1
354,5.9,Participant1_RS_SlUp,Mesomorph,Normal,upright,1.0,0.0,0.0,-0.2748385249698954,12.436776845797583,0.2376000160023432,1
355,5.916666666666667,Participant1_RS_SlUp,Mesomorph,Normal,upright,1.0,0.0,0.0,-0.28159274705078896,12.260452357927713,0.23420493528907826,1
356,5.933333333333334,Participant1_RS_SlUp,Mesomorph,Normal,upright,1.0,0.0,0.0,-0.2672167727118743,12.883704909088802,0.22841132282352203,1
357,5.95,Participant1_RS_SlUp,Mesomorph,Normal,upright,1.0,0.0,0.0,-0.26287595051639356,12.59090888729138,0.2228294130049047,1
358,5.966666666666667,Participant1_RS_SlUp,Mesomorph,Normal,upright,1.0,0.0,0.0,-0.2767277425645899,13.045975666518355,0.21849289708230427,1
359,5.983333333333333,Participant1_RS_SlUp,Mesomorph,Normal,upright,1.0,0.0,0.0,-0.2654541313760588,12.366039942076398,0.22725822167245743,1
360,6.0,Participant1_RS_SlUp,Mesomorph,Normal,upright,1.0,0.0,0.0,-0.2662002754602323,13.253248661271424,0.22336599644585256,1
361,6.016666666666667,Participant1_RS_SlUp,Mesomorph,Normal,upright,1.0,0.0,0.0,-0.27093589029252474,12.951624048505513,0.2192601021886098,1
362,6.033333333333333,Participant1_RS_SlUp,Mesomorph,Normal,upright,1.0,0.0,0.0,-0.2584390050607668,13.169583337641301,0.21662276915237114,1
363,6.05,Participant1_RS_SlUp,Mesomorph,Normal,upright,1.0,0.0,0.0,-0.2541562752994496,13.35708573485232,0.22064847526778372,1
364,6.066666666666666,Participant1_RS_SlUp,Mesomorph,Normal,upright,1.0,0.0,0.0,-0.30124109067883575,13.418586247564892,0.22674741273515134,1
365,6.083333333333333,Participant1_RS_SlUp,Mesomorph,Normal,upright,1.0,0.0,0.0,-0.2627766820290882,13.238733194625821,0.23254401732590885,1
366,6.1,Participant1_RS_SlUp,Mesomorph,Normal,upright,1.0,0.0,0.0,-0.2663543618562624,13.140259565012634,0.2258678153672265,1
367,6.116666666666666,Participant1_RS_SlUp,Mesomorph,Normal,upright,1.0,0.0,0.0,-0.2695108942323681,13.097477000011184,0.22361743197156353,1
368,6.133333333333334,Participant1_RS_SlUp,Mesomorph,Normal,upright,1.0,0.0,0.0,-0.28415145331722125,13.079218437571704,0.21304717414602775,1
369,6.15,Participant1_RS_SlUp,Mesomorph,Normal,upright,1.0,0.0,0.0,-0.2680280786541827,13.783334158292254,0.21457212327820885,1
370,6.166666666666667,Participant1_RS_SlUp,Mesomorph,Normal,upright,1.0,0.0,0.0,-0.2645017418679253,13.649210316640266,0.2126784049808859,1
371,6.183333333333334,Participant1_RS_SlUp,Mesomorph,Normal,upright,1.0,0.0,0.0,-0.2950087500513918,13.598965556391013,0.23006571877114973,1
372,6.2,Participant1_RS_SlUp,Mesomorph,Normal,upright,1.0,0.0,0.0,-0.30439067113950424,13.882150001123714,0.2303081179082658,1
373,6.216666666666667,Participant1_RS_SlUp,Mesomorph,Normal,upright,1.0,0.0,0.0,-0.30841503539551574,14.120745815550423,0.2246459347048539,1
374,6.233333333333333,Participant1_RS_SlUp,Mesomorph,Normal,upright,1.0,0.0,0.0,-0.2844008014279624,14.458903371151827,0.22177533686709183,1
375,6.25,Participant1_RS_SlUp,Mesomorph,Normal,upright,1.0,0.0,0.0,-0.2815264507665244,14.174949411694623,0.22601217062917134,1
376,6.266666666666667,Participant1_RS_SlUp,Mesomorph,Normal,upright,1.0,0.0,0.0,-0.24479214763497284,13.582155595184188,0.21933077344740132,1
377,6.283333333333333,Participant1_RS_SlUp,Mesomorph,Normal,upright,1.0,0.0,0.0,-0.26145335979918516,14.08222796835643,0.2213986951878903,1
378,6.3,Participant1_RS_SlUp,Mesomorph,Normal,upright,1.0,0.0,0.0,-0.259722553025891,14.601480058630047,0.2219362547295153,1
379,6.316666666666666,Participant1_RS_SlUp,Mesomorph,Normal,upright,1.0,0.0,0.0,-0.26543592209695455,14.37569291132941,0.21646560674786264,1
380,6.333333333333333,Participant1_RS_SlUp,Mesomorph,Normal,upright,1.0,0.0,0.0,-0.24772672871152102,14.462910714372548,0.2231748611291855,1
381,6.35,Participant1_RS_SlUp,Mesomorph,Normal,upright,1.0,0.0,0.0,-0.26894519499761915,14.655668267287448,0.21464065484246428,1
382,6.366666666666666,Participant1_RS_SlUp,Mesomorph,Normal,upright,1.0,0.0,0.0,-0.2542529934772424,13.938812999338628,0.22110488578110016,1
383,6.383333333333334,Participant1_RS_SlUp,Mesomorph,Normal,upright,1.0,0.0,0.0,-0.24333937411107456,14.0920484290577,0.2201740125611153,1
384,6.4,Participant1_RS_SlUp,Mesomorph,Normal,upright,1.0,0.0,0.0,-0.26058523708860953,13.648940165075977,0.22644290033148987,1
